id,judul,tanggal,kkks,bidangUsaha,batasWaktu,url,attachmentUrl,attachmentName
"2a70d156-ac61-4353-97e2-e470c0ffe779","Prakualifikasi No. SX14049334A : Pengadaan Jasa Kapal AHTS JU E","17 Apr 2025","PT PERTAMINA HULU MAHAKAM","ANGKUTAN LAUT PERAIRAN PELABUHAN DALAM NEGERI UNTUK PENUMPANG (SIUP-IUT-IUI-PROP KBLI 2020); AKTIVITAS PENGELOLAAN KAPAL (SIUP-IUT-IUI-PROP KBLI 2020); ANGKUTAN LAUT DALAM NEGERI UNTUK BARANG KHUSUS (SIUP-IUT-IUI-PROP KBLI 2020);","17 Apr 2025","2a70d156-ac61-4353-97e2-e470c0ffe779","/download/tnd/ann.jwebs;jsessionid=4B43BE2FD3BC6D5E48EBAA9BF335C3BA","C.01.05.S. Pengumuman Prakualifikasi.pdf"
"6f3fd7db-b904-4859-b8a0-d4e7dd7bc0d8","Handling Installation Equipment Tools ESP Di PHE Tuban East Java","16 Apr 2025","PT PERTAMINA EP CEPU","PERDAGANGAN BESAR MESIN KANTOR DAN INDUSTRI PENGOLAHAN, SUKU CADANG DAN PERLENGKAPANNYA (SIUP-IUT-IUI-PROP KBLI 2020); PERDAGANGAN BESAR MESIN, PERALATAN DAN PERLENGKAPAN LAINNYA (SIUP-IUT-IUI-PROP KBLI 2020);","16 Apr 2025","6f3fd7db-b904-4859-b8a0-d4e7dd7bc0d8","/download/tnd/ann.jwebs;jsessionid=4B43BE2FD3BC6D5E48EBAA9BF335C3BA","Fix_GX17048759A_C.01.06.S. Pengumuman PQ.pdf"
"f2755f48-8457-4fa4-a5fe-c6620fb24b94","Call Of Order Pekerjaan Sipil Lokasi Pemboran, Fasilitas Produksi dan Fasilitas Umum di PT. Pertamin","17 Apr 2025","PT PERTAMINA EP CEPU","Jasa Pelaksana Konstruksi Bangunan Gedung Lainnya (SIUJK Permen 8 2011); INSTALASI MEKANIKAL (SIUP-IUT-IUI-PROP KBLI 2020); INSTALASI MINYAK DAN GAS (SIUP-IUT-IUI-PROP KBLI 2020); Jasa Pelaksana Konstruksi Jembatan, Jalan Layang, Terowongan dan Subways (SIUJK Permen 8 2011);","17 Apr 2025","f2755f48-8457-4fa4-a5fe-c6620fb24b94","/download/tnd/ann.jwebs;jsessionid=4B43BE2FD3BC6D5E48EBAA9BF335C3BA","C.01.06.S Pengumuman Prakualifikasi-SX20049584A.pdf"
"c3e56f23-68ad-4f9a-b98f-625e5945537b","003/RDAS/EA/GOKPL/2025-R - Studi Calon Lokasi Penanaman dan Penyusunan Rantek dan RAB Rehab DAS","16 Apr 2025","GENTING OIL KASURI PTE. LTD.","JASA PENUNJANG KEHUTANAN LAINNYA (SIUP-IUT-IUI-PROP KBLI 2020);","16 Apr 2025","c3e56f23-68ad-4f9a-b98f-625e5945537b","/download/tnd/ann.jwebs;jsessionid=4B43BE2FD3BC6D5E48EBAA9BF335C3BA","Advert CIVD-BID 003_R_REHABDAS.pdf"
"ba7082b3-a47c-4873-8ab0-bc9c916fd897","Pengadaan Fire Water Pump c/w Jockey Pump MB2 PHE ONWJ [For PHE ONWJ]","16 Apr 2025","PT PERTAMINA EP","INDUSTRI POMPA LAINNYA, KOMPRESOR, KRAN DAN KLEP/KATUP (SIUP-IUT-IUI-PROP KBLI 2020);","16 Apr 2025","ba7082b3-a47c-4873-8ab0-bc9c916fd897","/download/tnd/ann.jwebs;jsessionid=4B43BE2FD3BC6D5E48EBAA9BF335C3BA","Pengumuman Prakualifikasi - GX11049370A - Signed.pdf"
"c3e8ae23-35a8-4545-aac3-5cc86877c951","JASA PEMELIHARAAN UNIT POMPA HORIZONTAL PUMPING SYSTEM (HPS) DI PT PERTAMINA EP ZONA 4","16 Apr 2025","PERTAMINA HULU ENERGI WMO","INDUSTRI POMPA LAINNYA, KOMPRESOR, KRAN DAN KLEP/KATUP (SIUP-IUT-IUI-PROP KBLI 2020); AKTIVITAS PENUNJANG PERTAMBANGAN MINYAK BUMI DAN GAS ALAM (SIUP-IUT-IUI-PROP KBLI 2020); REPARASI PRODUK LOGAM PABRIKASI, MESIN DAN PERALATAN (SIUP-IUT-IUI-PROP KBLI 2020); INSTALASI/PEMASANGAN MESIN DAN PERALATAN INDUSTRI (SIUP-IUT-IUI-PROP KBLI 2020);","16 Apr 2025","c3e8ae23-35a8-4545-aac3-5cc86877c951","/download/tnd/ann.jwebs;jsessionid=4B43BE2FD3BC6D5E48EBAA9BF335C3BA","Pengumuman Prakualifikasi.pdf"
"ababf4d4-9d7e-42c9-9105-f9d3ea280c99","BG70208 : Laboratory Equipment","17 Apr 2025","PT MEDCO E&P INDONESIA","INDUSTRI ALAT-ALAT LABORATORIUM NON KLINIS, FARMASI DAN KESEHATAN DARI KACA (SIUP-IUT-IUI-PROP KBLI 2020);","17 Apr 2025","ababf4d4-9d7e-42c9-9105-f9d3ea280c99","/download/tnd/ann.jwebs;jsessionid=9C2AAA325E94CCA666EEEB99E202E6C6","BG70208.pdf"
"ad3e60dc-c3f4-4211-9838-5174b2ba2e78","Prakualifikasi No. SX14047597A : Perawatan Fasilitas Relay Control Panel HPLP Compressor Train 1","17 Apr 2025","PT PERTAMINA HULU MAHAKAM","Jasa Pelaksana Konstruksi Instalasi Sistem Kontrol dan Instrumentasi (SIUJK Permen 8 2011); INSTALASI MINYAK DAN GAS (SIUP-IUT-IUI-PROP KBLI 2020); INSTALASI/PEMASANGAN MESIN DAN PERALATAN INDUSTRI (SIUP-IUT-IUI-PROP KBLI 2020); REPARASI MESIN UNTUK KEPERLUAN KHUSUS (SIUP-IUT-IUI-PROP KBLI 2020); INDUSTRI ALAT UJI DALAM PROSES INDUSTRI (SIUP-IUT-IUI-PROP KBLI 2020);","17 Apr 2025","ad3e60dc-c3f4-4211-9838-5174b2ba2e78","/download/tnd/ann.jwebs;jsessionid=9C2AAA325E94CCA666EEEB99E202E6C6","C.01.06.S. - Pengumuman PQ RFA II SX14047597.pdf"
"d584ab3f-7a2f-48df-adb3-3422365f79cc","Prakualifikasi No. SX14049600A : Provision of Dredging Barge Cutter Suction Dredger (CSD) Package 2","16 Apr 2025","PT PERTAMINA HULU MAHAKAM","AKTIVITAS PENUNJANG PERTAMBANGAN MINYAK BUMI DAN GAS ALAM (SIUP-IUT-IUI-PROP KBLI 2020);","16 Apr 2025","d584ab3f-7a2f-48df-adb3-3422365f79cc","/download/tnd/ann.jwebs;jsessionid=9C2AAA325E94CCA666EEEB99E202E6C6","01. signed C.01.06.S. Pengumuman Prakualifikasi-.pdf"
"b8968134-7430-4e8c-9d3f-f01aff7f1e53","PENGOPERASIAN DAN PEMELIHARAAN 2 (DUA) UNIT MOBILE MULTIPHASE FLOW METER DI PT PERTAMINA EP ZONA 7","16 Apr 2025","PT PERTAMINA EP","AKTIVITAS PENUNJANG PERTAMBANGAN MINYAK BUMI DAN GAS ALAM (SIUP-IUT-IUI-PROP KBLI 2020); INSTALASI MINYAK DAN GAS (SIUP-IUT-IUI-PROP KBLI 2020);","16 Apr 2025","b8968134-7430-4e8c-9d3f-f01aff7f1e53","/download/tnd/ann.jwebs;jsessionid=9C2AAA325E94CCA666EEEB99E202E6C6","Pengumuman Prakualifikasi.pdf"
"046959a2-df4c-467c-a5c8-805651a421ee","Vehicle Rental Services to Support Production & Operation Field Activities","16 Apr 2025","Texcal Energy Mahato Inc.","AKTIVITAS PENYEWAAN DAN SEWA GUNA USAHA TANPA HAK OPSI MOBIL, BUS, TRUK DAN SEJENISNYA (SIUP-IUT-IUI-PROP KBLI 2020);","16 Apr 2025","046959a2-df4c-467c-a5c8-805651a421ee","/download/tnd/ann.jwebs;jsessionid=9C2AAA325E94CCA666EEEB99E202E6C6","Pengumuman Prakualifikasi_CM0001062025_CIVD.pdf"
"f39b7b8e-8d72-4940-808a-dacb0d352b2b","Jasa Managed Network Device dan IT Support","16 Apr 2025","JOB PERTAMINA-MEDCO E&P SIMENGGARIS","AKTIVITAS PENYEDIAAN TENAGA KERJA WAKTU TERTENTU (SIUP-IUT-IUI-PROP KBLI 2020); PENYEDIAAN SUMBER DAYA MANUSIA DAN MANAJEMEN FUNGSI SUMBER DAYA MANUSIA (SIUP-IUT-IUI-PROP KBLI 2020);","16 Apr 2025","f39b7b8e-8d72-4940-808a-dacb0d352b2b","/download/tnd/ann.jwebs;jsessionid=9C2AAA325E94CCA666EEEB99E202E6C6","Pengumuman Undangan Prakualifikasi CIVD_CS69703.pdf"
"c284e47b-cd00-4ef3-8757-0991d7213695","Technical Support Services for Operations and Maintenance during Project and Early Operations Phases","16 Apr 2025","BP BERAU LTD.","AKTIVITAS KEINSINYURAN DAN KONSULTASI TEKNIS YBDI (SIUP-IUT-IUI-PROP KBLI 2020); PENYEDIAAN SUMBER DAYA MANUSIA DAN MANAJEMEN FUNGSI SUMBER DAYA MANUSIA (SIUP-IUT-IUI-PROP KBLI 2020);","16 Apr 2025","c284e47b-cd00-4ef3-8757-0991d7213695","/download/tnd/ann.jwebs;jsessionid=BAE8C0A0E2C7EA8316300B583A1B792A","Prequalification_Announcement_Bilingual_4420003996.pdf"
"3219d641-f14f-4cd2-93b4-682c333e48b2","Prakualifikasi No. GX14049125A : Pengadaan Barang Consumable dan Peralatan Listrik","17 Apr 2025","PT PERTAMINA HULU MAHAKAM","PERDAGANGAN BESAR MESIN KANTOR DAN INDUSTRI PENGOLAHAN, SUKU CADANG DAN PERLENGKAPANNYA (SIUP-IUT-IUI-PROP KBLI 2020); PERDAGANGAN BESAR MESIN, PERALATAN DAN PERLENGKAPAN LAINNYA (SIUP-IUT-IUI-PROP KBLI 2020);","17 Apr 2025","3219d641-f14f-4cd2-93b4-682c333e48b2","/download/tnd/ann.jwebs;jsessionid=BAE8C0A0E2C7EA8316300B583A1B792A","GX14049125A - C.01.06.S. Pengumuman Prakualifikasi.pdf"
"b9fef39a-6d2f-4f97-a283-f7e49d859c0d","Jasa Sewa Vacuum Truck dan Peralatan Berat termasuk Pengemudi dan Swamper Selama 12 (Dua Belas) bln","16 Apr 2025","PT BUMI SIAK PUSAKO","AKTIVITAS PENYEWAAN DAN SEWA GUNA USAHA TANPA HAK OPSI MOBIL, BUS, TRUK DAN SEJENISNYA (SIUP-IUT-IUI-PROP KBLI 2020);","16 Apr 2025","b9fef39a-6d2f-4f97-a283-f7e49d859c0d","/download/tnd/ann.jwebs;jsessionid=BAE8C0A0E2C7EA8316300B583A1B792A","11042025143956-0001.pdf"
"6d8c2b57-570d-4157-bfe8-65166ad81ddd","BG70297 : FLOWMETER KROHNE","17 Apr 2025","PT MEDCO E&P INDONESIA","PERDAGANGAN BESAR MESIN, PERALATAN DAN PERLENGKAPAN LAINNYA (SIUP-IUT-IUI-PROP KBLI 2020); INDUSTRI ALAT UKUR, ALAT UJI, PERALATAN NAVIGASI DAN KONTROL (SIUP-IUT-IUI-PROP KBLI 2020);","17 Apr 2025","6d8c2b57-570d-4157-bfe8-65166ad81ddd","/download/tnd/ann.jwebs;jsessionid=BAE8C0A0E2C7EA8316300B583A1B792A","BG70297.pdf"
"2b451ec9-d9ea-42b9-b6cc-9f2eb2bbe357","Upgrading Oracle JD Edwards to Version 9.2","16 Apr 2025","PETROCHINA INTERNATIONAL JABUNG LTD.","AKTIVITAS JASA PERORANGAN LAINNYA YTDL (SIUP-IUT-IUI-PROP KBLI 2020);","16 Apr 2025","2b451ec9-d9ea-42b9-b6cc-9f2eb2bbe357","/download/tnd/ann.jwebs;jsessionid=BAE8C0A0E2C7EA8316300B583A1B792A","PCJ-3816-CA Announcement in CIVD_Upgrading Oracle JD Edwards to version 9.2.pdf"
"ac6e3a1e-5a40-4387-9125-d7cf6c7b9684",""HUAWEI" WIFI SYSTEM","16 Apr 2025","PETROCHINA INTERNATIONAL JABUNG LTD.","PERDAGANGAN ECERAN KOMPUTER DAN PERLENGKAPANNYA (SIUP-IUT-IUI-PROP KBLI 2020);","16 Apr 2025","ac6e3a1e-5a40-4387-9125-d7cf6c7b9684","/download/tnd/ann.jwebs;jsessionid=BAE8C0A0E2C7EA8316300B583A1B792A","D810-PR80_'HUAWEI' WIFI SYSTEM_Announcement in CIVD.pdf"
"626242a2-19b4-453e-a8e4-31b64de7ea89","PENYEDIAAN JASA PENGAWASAN KONSTRUKSI SURFACE FACILITY PT PERTAMINA EP ZONA 4","15 Apr 2025","PERTAMINA HULU ENERGI WMO","AKTIVITAS PROFESIONAL, ILMIAH DAN TEKNIS LAINNYA YTDL (SIUP-IUT-IUI-PROP KBLI 2020); AKTIVITAS KEINSINYURAN DAN KONSULTASI TEKNIS YBDI (SIUP-IUT-IUI-PROP KBLI 2020); AKTIVITAS KONSULTASI MANAJEMEN LAINNYA (SIUP-IUT-IUI-PROP KBLI 2020);","15 Apr 2025","626242a2-19b4-453e-a8e4-31b64de7ea89","/download/tnd/ann.jwebs;jsessionid=EFEE5A63565DA7EBA1E6A6243EBAD7AC","1.pdf"
"ac878148-da14-4acc-a7fa-72f58fd5cfd6","JASA SEWA EARLY PRODUCTION FACILITIES DAN INSTALASI UNTUK WILAYAH KERJA AREA 1 PERTAMINA ZONA 4","16 Apr 2025","PERTAMINA HULU ENERGI WMO","AKTIVITAS PENUNJANG PERTAMBANGAN MINYAK BUMI DAN GAS ALAM (SIUP-IUT-IUI-PROP KBLI 2020); AKTIVITAS PENYEWAAN DAN SEWA GUNA USAHA TANPA HAK OPSI MESIN, PERALATAN DAN BARANG BERWUJUD LAINNYA (SIUP-IUT-IUI-PROP KBLI 2020);","16 Apr 2025","ac878148-da14-4acc-a7fa-72f58fd5cfd6","/download/tnd/ann.jwebs;jsessionid=EFEE5A63565DA7EBA1E6A6243EBAD7AC","PENGUMUMAN PRAKUALIFIKASI.pdf"
"b1b112e8-1d98-4977-be56-c6f292baeac7","Prakualifikasi No. GX14049172A : Pengadaan Various Electrical Parts","16 Apr 2025","PT PERTAMINA HULU MAHAKAM","PERDAGANGAN BESAR MESIN, PERALATAN DAN PERLENGKAPAN PERTANIAN (SIUP-IUT-IUI-PROP KBLI 2020); PERDAGANGAN BESAR BERBAGAI MACAM BARANG (SIUP-IUT-IUI-PROP KBLI 2020);","16 Apr 2025","b1b112e8-1d98-4977-be56-c6f292baeac7","/download/tnd/ann.jwebs;jsessionid=EFEE5A63565DA7EBA1E6A6243EBAD7AC","GX14049172A - C.01.06.S. Pengumuman Prakualifikasi.pdf"
"96515cb9-293f-4c68-ab0d-12ac715e33fd","Time Charter of High Speed Crew Boat Services","16 Apr 2025","PETROCHINA INTERNATIONAL JABUNG LTD.","ANGKUTAN LAUT (SIUP-IUT-IUI-PROP KBLI 2020);","16 Apr 2025","96515cb9-293f-4c68-ab0d-12ac715e33fd","/download/tnd/ann.jwebs;jsessionid=EFEE5A63565DA7EBA1E6A6243EBAD7AC","PCJ-3815-CA PQ Invitation Announcement.pdf"
"b76d8467-c4fa-4917-a144-810a6589c3b0","Prakualifikasi No. GX14049454A : PENGADAAN VENT KO DRUM PUMP (PR-19201) UNTUK BKP BJ REACTIVATION","15 Apr 2025","PT PERTAMINA HULU MAHAKAM","INDUSTRI POMPA LAINNYA, KOMPRESOR, KRAN DAN KLEP/KATUP (SIUP-IUT-IUI-PROP KBLI 2020);","15 Apr 2025","b76d8467-c4fa-4917-a144-810a6589c3b0","/download/tnd/ann.jwebs;jsessionid=EFEE5A63565DA7EBA1E6A6243EBAD7AC","FOR SIGN GX14049454A C.01.06.S. Pengumuman Prakualifikasi.pdf"
"39b649f5-f779-467c-a9f7-8da5c8c8475a","PQ 299 - Provision of Fishing Equipment Rental and Services","15 Apr 2025","PC KETAPANG II LTD","AKTIVITAS PENUNJANG PERTAMBANGAN MINYAK BUMI DAN GAS ALAM (SIUP-IUT-IUI-PROP KBLI 2020);","15 Apr 2025","39b649f5-f779-467c-a9f7-8da5c8c8475a","/download/tnd/ann.jwebs;jsessionid=EFEE5A63565DA7EBA1E6A6243EBAD7AC","PQ Invitation_Fishing No. 299.pdf"
"b726da97-bb49-4053-b66a-a508caf3e0ce","Drilling Manpower Services","15 Apr 2025","PETROCHINA INTERNATIONAL JABUNG LTD.","AKTIVITAS JASA PERORANGAN LAINNYA YTDL (SIUP-IUT-IUI-PROP KBLI 2020);","15 Apr 2025","b726da97-bb49-4053-b66a-a508caf3e0ce","/download/tnd/ann.jwebs;jsessionid=03C39DF9AADA888D86E63C295EF536D9","PQ Invitation Announcement in CIVD_PCJ3817CA DRILLING MANPOWER SERVICES.pdf"
"58327025-10bf-488e-aecc-0299bb8725cf","Provision of Independent Safety and Environmental (ISE) Consultancy Services (Prakualifikasi Ulang)","15 Apr 2025","PREMIER OIL NATUNA SEA B.V.","AKTIVITAS PROFESIONAL, ILMIAH DAN TEKNIS LAINNYA YTDL (SIUP-IUT-IUI-PROP KBLI 2020); AKTIVITAS KONSULTASI MANAJEMEN LAINNYA (SIUP-IUT-IUI-PROP KBLI 2020); AKTIVITAS PENUNJANG PERTAMBANGAN MINYAK BUMI DAN GAS ALAM (SIUP-IUT-IUI-PROP KBLI 2020);","15 Apr 2025","58327025-10bf-488e-aecc-0299bb8725cf","/download/tnd/ann.jwebs;jsessionid=03C39DF9AADA888D86E63C295EF536D9","PQ Adv ISE R2.pdf"
"e56e5229-d077-4ddb-9b33-7cf73cf25956","Prakualifikasi No. GX14049572A : Provision of Casing 7" SML, P110, 32 PPF, PSL 2, R3, Premium","15 Apr 2025","PT PERTAMINA HULU MAHAKAM","PERDAGANGAN BESAR BARANG LOGAM UNTUK BAHAN KONSTRUKSI (SIUP-IUT-IUI-PROP KBLI 2020); AKTIVITAS PENUNJANG PERTAMBANGAN MINYAK BUMI DAN GAS ALAM (SIUP-IUT-IUI-PROP KBLI 2020); PERDAGANGAN BESAR MESIN, PERALATAN DAN PERLENGKAPAN LAINNYA (SIUP-IUT-IUI-PROP KBLI 2020); INDUSTRI PENEMPAAN, PENGEPRESAN, PENCETAKAN DAN PEMBENTUKAN LOGAM; METALURGI BUBUK (SIUP-IUT-IUI-PROP KBLI 2020); JASA INDUSTRI UNTUK BERBAGAI PENGERJAAN KHUSUS LOGAM DAN BARANG DARI LOGAM (SIUP-IUT-IUI-PROP KBLI 2020); INDUSTRI PIPA DAN SAMBUNGAN PIPA DARI BAJA DAN BESI (SIUP-IUT-IUI-PROP KBLI 2020);","15 Apr 2025","e56e5229-d077-4ddb-9b33-7cf73cf25956","/download/tnd/ann.jwebs;jsessionid=03C39DF9AADA888D86E63C295EF536D9","01. Signed_GX14049572A_C.01.06.S. Pengumuman Prakualifikasi.pdf"
"ae4dd6b9-29e4-488a-8eab-f330c6ed96b6","Prakualifikasi No. SX04049051B: Jasa Pekerjaan Technical Services Subsurface and Surface Asset","16 Apr 2025","PT PERTAMINA HULU MAHAKAM","AKTIVITAS KONSULTASI MANAJEMEN (SIUP-IUT-IUI-PROP KBLI 2020); AKTIVITAS PENGOLAHAN DATA, HOSTING DAN KEGIATAN YBDI; PORTAL WEB (SIUP-IUT-IUI-PROP KBLI 2020); AKTIVITAS PENGOLAHAN DATA (SIUP-IUT-IUI-PROP KBLI 2020); AKTIVITAS KONSULTASI MANAJEMEN LAINNYA (SIUP-IUT-IUI-PROP KBLI 2020);","16 Apr 2025","ae4dd6b9-29e4-488a-8eab-f330c6ed96b6","/download/tnd/ann.jwebs;jsessionid=03C39DF9AADA888D86E63C295EF536D9","C.01.06.S. Pengumuman Prakualifikasi_SX04049051B.pdf"
"96a082d8-467d-4cfb-8dc5-bf63dbebc83a","JASA PERBAIKAN KUALITAS MINYAK DAN AIR MENGGUNAKAN CHEMICAL TREATMENT DI PT PERTAMINA EP JAMBI FIELD","15 Apr 2025","PERTAMINA HULU ENERGI WMO","INDUSTRI KIMIA DASAR ORGANIK YANG MENGHASILKAN BAHAN KIMIA KHUSUS (SIUP-IUT-IUI-PROP KBLI 2020); INDUSTRI BARANG KIMIA LAINNYA YTDL (SIUP-IUT-IUI-PROP KBLI 2020);","15 Apr 2025","96a082d8-467d-4cfb-8dc5-bf63dbebc83a","/download/tnd/ann.jwebs;jsessionid=03C39DF9AADA888D86E63C295EF536D9","Pengumuman Prakualifikasi-SX07049252A.pdf"
"7be33b11-0058-421d-8818-c6b791c57994","PENYEDIAAN JASA TENAGA AHLI DAN SUPPORT SERVICES FUNGSI DRILLING DI WILAYAH KERJA ZONA 1","15 Apr 2025","PERTAMINA HULU ENERGI WMO","AKTIVITAS PENYEDIAAN TENAGA KERJA WAKTU TERTENTU (SIUP-IUT-IUI-PROP KBLI 2020); PENYEDIAAN SUMBER DAYA MANUSIA DAN MANAJEMEN FUNGSI SUMBER DAYA MANUSIA (SIUP-IUT-IUI-PROP KBLI 2020);","15 Apr 2025","7be33b11-0058-421d-8818-c6b791c57994","/download/tnd/ann.jwebs;jsessionid=03C39DF9AADA888D86E63C295EF536D9","Pengumuman Prakualifikasi-SX07049185A.pdf"
"ca8c5378-277a-43a4-a41b-24ca9331e681","BS70299 : FILTER ELEMENT","16 Apr 2025","PT MEDCO E&P INDONESIA","PERDAGANGAN BESAR MESIN, PERALATAN DAN PERLENGKAPAN LAINNYA (SIUP-IUT-IUI-PROP KBLI 2020);","16 Apr 2025","ca8c5378-277a-43a4-a41b-24ca9331e681","/download/tnd/ann.jwebs;jsessionid=3C3673378CE30BA25013C68602B53D27","BS70299 (9 April 2025).pdf"
"3a22eee4-e8d0-41b6-92ff-8f654b22101e","BG70290 : PENGADAAN POLYE REFRIGERATION OIL","16 Apr 2025","PT MEDCO E&P INDONESIA","PERDAGANGAN BESAR BAHAN BAKAR PADAT, CAIR DAN GAS DAN PRODUK YBDI (SIUP-IUT-IUI-PROP KBLI 2020);","16 Apr 2025","3a22eee4-e8d0-41b6-92ff-8f654b22101e","/download/tnd/ann.jwebs;jsessionid=3C3673378CE30BA25013C68602B53D27","BG70290.pdf"
"9cb8a5f5-868a-4d2a-8142-95d804163218","CS69949 : RENTAL 350HP WOWS RIG FOR RIMAU","16 Apr 2025","PT MEDCO E&P INDONESIA","AKTIVITAS PENUNJANG PERTAMBANGAN MINYAK BUMI DAN GAS ALAM (SIUP-IUT-IUI-PROP KBLI 2020);","16 Apr 2025","9cb8a5f5-868a-4d2a-8142-95d804163218","/download/tnd/ann.jwebs;jsessionid=3C3673378CE30BA25013C68602B53D27","CS69949 - 9 April 2025.pdf"
"f9a7489d-66d5-4c33-82a1-34fc9863ed7d","FLOWLINE CONSTRUCTION & EARLY PRODUCTION FACILITIES (EPF) RENTAL SERVICES CLUSTER 4","14 Apr 2025","Texcal Energy Mahato Inc.","AKTIVITAS PENUNJANG PERTAMBANGAN MINYAK BUMI DAN GAS ALAM (SIUP-IUT-IUI-PROP KBLI 2020);","14 Apr 2025","f9a7489d-66d5-4c33-82a1-34fc9863ed7d","/download/tnd/ann.jwebs;jsessionid=3C3673378CE30BA25013C68602B53D27","PQ Announcement_COM-2503004A.pdf"
"3f5d36cc-1e98-436d-8677-5522dbf6dd8a","LONG TERM CONTRACT PEKERJAAN LOKASI PEMBORAN, FASILITAS PRODUKSI, DAN SARANA PENUNJANG PT PERTAMINA","15 Apr 2025","PERTAMINA HULU ENERGI WMO","Jasa Pelaksana Konstruksi Jalan Raya ( kecuali Jalan Layang),Jalan, Rel Kereta Api, dan Landas Pacu Bandara (SIUJK Permen 8 2011);","15 Apr 2025","3f5d36cc-1e98-436d-8677-5522dbf6dd8a","/download/tnd/ann.jwebs;jsessionid=3C3673378CE30BA25013C68602B53D27","SA07047738A_Pengumuman PQ-1.pdf"
"761d6a83-50f4-4fc6-94d1-96738e67b398","Prakualifikasi No. SX14049557A : Pengadaan Jasa Kapal AHTS 65T","14 Apr 2025","PT PERTAMINA HULU MAHAKAM","ANGKUTAN LAUT DALAM NEGERI UNTUK BARANG KHUSUS (SIUP-IUT-IUI-PROP KBLI 2020); ANGKUTAN LAUT PERAIRAN PELABUHAN DALAM NEGERI UNTUK PENUMPANG (SIUP-IUT-IUI-PROP KBLI 2020); AKTIVITAS PENGELOLAAN KAPAL (SIUP-IUT-IUI-PROP KBLI 2020);","14 Apr 2025","761d6a83-50f4-4fc6-94d1-96738e67b398","/download/tnd/ann.jwebs;jsessionid=3C3673378CE30BA25013C68602B53D27","C.01.06.S. Pengumuman Prakualifikasi - AHTS 65T.pdf"
"7474e9f0-66e2-472b-909c-9301c1d3e23b","PENGOPERASIAN DAN PEMELIHARAAN CEMENTING UNIT SELAMA 36 BULAN DI PT. PERTAMINA EP FIELD JAMBI","15 Apr 2025","PERTAMINA HULU ENERGI WMO","AKTIVITAS PENUNJANG PERTAMBANGAN MINYAK BUMI DAN GAS ALAM (SIUP-IUT-IUI-PROP KBLI 2020);","15 Apr 2025","7474e9f0-66e2-472b-909c-9301c1d3e23b","/download/tnd/ann.jwebs;jsessionid=66C5EDCE3BF6A5A717506CC3CEF68729","C.01.06.S Pengumuman Prakualifikasi-SA07047537C.pdf"
"8fa48fd8-134f-47c5-b1dc-0e2707167d42","JASA SEWA UNIT ANCHOR HANDLING TUG/SUPPLY (AHT/S) BESERTA AKTIVASI DP1 DAN SUPPORTING","14 Apr 2025","PT PERTAMINA EP","ANGKUTAN LAUT (SIUP-IUT-IUI-PROP KBLI 2020);","14 Apr 2025","8fa48fd8-134f-47c5-b1dc-0e2707167d42","/download/tnd/ann.jwebs;jsessionid=66C5EDCE3BF6A5A717506CC3CEF68729","Pengumuman Prakualifikasi-SX13049546A.pdf"
"25a0ed1b-ddcd-40d8-aa63-bf01e768cf65","Penyediaan Tenaga Kerja Jasa Penunjang","14 Apr 2025","PT PEMA GLOBAL ENERGI","AKTIVITAS PENYEDIAAN TENAGA KERJA WAKTU TERTENTU (SIUP-IUT-IUI-PROP KBLI 2020);","14 Apr 2025","25a0ed1b-ddcd-40d8-aa63-bf01e768cf65","/download/tnd/ann.jwebs;jsessionid=66C5EDCE3BF6A5A717506CC3CEF68729","2 - PGE - Pengumuman Undangan Prakualifikasi - S437-896-PGE.pdf"
"0d9627d0-7bef-45ce-bea0-44c151a0fc56","TECHNICAL SUPPORT SERVICES FOR TANGGUH SOCIAL DEVELOPMENT PROGRAM 4420004120","11 Apr 2025","BP BERAU LTD.","AKTIVITAS PENYEDIAAN TENAGA KERJA WAKTU TERTENTU (SIUP-IUT-IUI-PROP KBLI 2020); AKTIVITAS KONSULTASI MANAJEMEN LAINNYA (SIUP-IUT-IUI-PROP KBLI 2020); PENYEDIAAN SUMBER DAYA MANUSIA DAN MANAJEMEN FUNGSI SUMBER DAYA MANUSIA (SIUP-IUT-IUI-PROP KBLI 2020);","11 Apr 2025","0d9627d0-7bef-45ce-bea0-44c151a0fc56","/download/tnd/ann.jwebs;jsessionid=66C5EDCE3BF6A5A717506CC3CEF68729","2.4.b. CIVD Prequalification Announcement Bilingual - 4420004120 Rev1.pdf"
"c5dac1b1-437a-41be-bc13-a93cb4adc02d","LBG70170 : SAFETY VALVE","11 Apr 2025","PT MEDCO E&P INDONESIA","PERDAGANGAN BESAR MESIN, PERALATAN DAN PERLENGKAPAN LAINNYA (SIUP-IUT-IUI-PROP KBLI 2020);","11 Apr 2025","c5dac1b1-437a-41be-bc13-a93cb4adc02d","/download/tnd/ann.jwebs;jsessionid=66C5EDCE3BF6A5A717506CC3CEF68729","LBG70170.pdf"
"9bea1202-8233-4f44-b20d-04a282a7fb2b","LBG66491-1 : FLOAT K-TEK","11 Apr 2025","PT MEDCO E&P INDONESIA","PERDAGANGAN BESAR MESIN, PERALATAN DAN PERLENGKAPAN LAINNYA (SIUP-IUT-IUI-PROP KBLI 2020);","11 Apr 2025","9bea1202-8233-4f44-b20d-04a282a7fb2b","/download/tnd/ann.jwebs;jsessionid=66C5EDCE3BF6A5A717506CC3CEF68729","LBG66491-1.pdf"
"e8ef793e-07b1-426b-8311-e2f200a9f344","CS70067 : BLOK A TOWER MAINTENANCE SERVICES 2025","11 Apr 2025","PT MEDCO E&P INDONESIA","KONSTRUKSI SENTRAL TELEKOMUNIKASI (SIUP-IUT-IUI-PROP KBLI 2020);","11 Apr 2025","e8ef793e-07b1-426b-8311-e2f200a9f344","/download/tnd/ann.jwebs;jsessionid=F717586321CA299A082210BDCA26868C","CS70067.pdf"
"da1a46bb-55f2-4c1c-90f0-560f0a046b31","BG69708 : HSE EQUIPMENT","11 Apr 2025","PT MEDCO E&P INDONESIA","INDUSTRI PERALATAN UNTUK PELINDUNG KESELAMATAN (SIUP-IUT-IUI-PROP KBLI 2020);","11 Apr 2025","da1a46bb-55f2-4c1c-90f0-560f0a046b31","/download/tnd/ann.jwebs;jsessionid=F717586321CA299A082210BDCA26868C","BG69708.pdf"
"e10e42f0-e595-40d7-a4a7-d685db8f5668","CM70177 : PROVISION OF COATED CS LINE PIPES AND BENDS FOR CORRIDOR PROJECTS","14 Apr 2025","PT MEDCO E&P INDONESIA","INDUSTRI PIPA DAN SAMBUNGAN PIPA DARI BAJA DAN BESI (SIUP-IUT-IUI-PROP KBLI 2020);","14 Apr 2025","e10e42f0-e595-40d7-a4a7-d685db8f5668","/download/tnd/ann.jwebs;jsessionid=F717586321CA299A082210BDCA26868C","CM70177.pdf"
"a3011271-6b0e-4b5b-bc26-c1ca407d22bd","BG70150 : Concrete Slab","11 Apr 2025","PT MEDCO E&P INDONESIA","PERDAGANGAN BESAR MESIN, PERALATAN DAN PERLENGKAPAN LAINNYA (SIUP-IUT-IUI-PROP KBLI 2020);","11 Apr 2025","a3011271-6b0e-4b5b-bc26-c1ca407d22bd","/download/tnd/ann.jwebs;jsessionid=F717586321CA299A082210BDCA26868C","BG70150.pdf"
"ede58851-0e0e-4f50-8c8d-d1d742e1d0a4","CS70192 : Managed Pressure Drilling Services","14 Apr 2025","PT MEDCO E&P INDONESIA","AKTIVITAS PENUNJANG PERTAMBANGAN MINYAK BUMI DAN GAS ALAM (SIUP-IUT-IUI-PROP KBLI 2020);","14 Apr 2025","ede58851-0e0e-4f50-8c8d-d1d742e1d0a4","/download/tnd/ann.jwebs;jsessionid=F717586321CA299A082210BDCA26868C","CS70192.pdf"
"6a513ebe-10d9-4b58-b0fc-899f6298da79","PENGADAAN SUPERHEATER TUBE 6000022867","15 Apr 2025","BP BERAU LTD.","INDUSTRI PIPA DAN SAMBUNGAN PIPA DARI LOGAM BUKAN BESI DAN BAJA (SIUP-IUT-IUI-PROP KBLI 2020); INDUSTRI PEMBUATAN LOGAM DASAR BUKAN BESI (SIUP-IUT-IUI-PROP KBLI 2020); PERDAGANGAN BESAR BERBAGAI MACAM BARANG (SIUP-IUT-IUI-PROP KBLI 2020); PERDAGANGAN BESAR LOGAM DAN BIJIH LOGAM (SIUP-IUT-IUI-PROP KBLI 2020); PERDAGANGAN BESAR MESIN, PERALATAN DAN PERLENGKAPAN LAINNYA (SIUP-IUT-IUI-PROP KBLI 2020); PERDAGANGAN BESAR MESIN KANTOR DAN INDUSTRI PENGOLAHAN, SUKU CADANG DAN PERLENGKAPANNYA (SIUP-IUT-IUI-PROP KBLI 2020); INDUSTRI MESIN PENDINGIN (SIUP-IUT-IUI-PROP KBLI 2020); INDUSTRI PENEMPAAN, PENGEPRESAN, PENCETAKAN DAN PEMBENTUKAN LOGAM; METALURGI BUBUK (SIUP-IUT-IUI-PROP KBLI 2020); INDUSTRI GENERATOR UAP, BUKAN KETEL PEMANAS (SIUP-IUT-IUI-PROP KBLI 2020); INDUSTRI TANGKI, TANDON AIR DAN WADAH DARI LOGAM (SIUP-IUT-IUI-PROP KBLI 2020);","15 Apr 2025","6a513ebe-10d9-4b58-b0fc-899f6298da79","/download/tnd/ann.jwebs;jsessionid=F717586321CA299A082210BDCA26868C","CIVD Prequalification Announcement - 6000022867 Superheater Tube R1.pdf"
"a200274b-34f5-4202-b48f-05eb9173da3b","CS70102 : Network Detection and Response (NDR) Software Subscription, Maintenance, and Support Servi","11 Apr 2025","PT MEDCO E&P INDONESIA","PERDAGANGAN BESAR KOMPUTER, PERLENGKAPAN KOMPUTER DAN PIRANTI LUNAK (SIUP-IUT-IUI-PROP KBLI 2020); PENERBITAN PIRANTI LUNAK (SOFTWARE) (SIUP-IUT-IUI-PROP KBLI 2020);","11 Apr 2025","a200274b-34f5-4202-b48f-05eb9173da3b","/download/tnd/ann.jwebs;jsessionid=E4F92B2D920D8B9D02D77216214138F1","CS70102.pdf"
"b4100177-ed8f-4e0c-84bd-6f4d75881c6b","BG70231 : GENERAL EQUIPMENT","11 Apr 2025","PT MEDCO E&P INDONESIA","PERDAGANGAN BESAR MESIN, PERALATAN DAN PERLENGKAPAN LAINNYA (SIUP-IUT-IUI-PROP KBLI 2020);","11 Apr 2025","b4100177-ed8f-4e0c-84bd-6f4d75881c6b","/download/tnd/ann.jwebs;jsessionid=E4F92B2D920D8B9D02D77216214138F1","BG70231.pdf"
"3ef2d6fa-3a32-4cd9-9de5-81feb10a9c15","Tangguh Intra Papua Aviation Services â Fixed Wing 4420003487B","11 Apr 2025","BP BERAU LTD.","ANGKUTAN UDARA UNTUK PENUMPANG (SIUP-IUT-IUI-PROP KBLI 2020);","11 Apr 2025","3ef2d6fa-3a32-4cd9-9de5-81feb10a9c15","/download/tnd/ann.jwebs;jsessionid=E4F92B2D920D8B9D02D77216214138F1","2.4.b. CIVD Prequalification Announcement - Aviation 4420003487B.pdf"
"13f3a9ae-5142-413c-bf29-ae725461db3a","BS69018 : WELD END COUPLING","15 Apr 2025","PT MEDCO E&P INDONESIA","PERDAGANGAN BESAR MESIN, PERALATAN DAN PERLENGKAPAN LAINNYA (SIUP-IUT-IUI-PROP KBLI 2020);","15 Apr 2025","13f3a9ae-5142-413c-bf29-ae725461db3a","/download/tnd/ann.jwebs;jsessionid=E4F92B2D920D8B9D02D77216214138F1","BS69018.pdf"
"fe2c4cdf-c1a6-4fb8-9eae-9f58704f2caf","PEMELIHARAAN GAS ENGINE WAUKESHA DI SKG BERINGIN DAN SKG MERBAU PT PERTAMINA EP ZONA 4","11 Apr 2025","PERTAMINA HULU ENERGI WMO","REPARASI MESIN UNTUK KEPERLUAN KHUSUS (SIUP-IUT-IUI-PROP KBLI 2020); PERDAGANGAN BESAR MESIN, PERALATAN DAN PERLENGKAPAN LAINNYA (SIUP-IUT-IUI-PROP KBLI 2020);","11 Apr 2025","fe2c4cdf-c1a6-4fb8-9eae-9f58704f2caf","/download/tnd/ann.jwebs;jsessionid=E4F92B2D920D8B9D02D77216214138F1","SA10048971A - PENGUMUMAN PQ.pdf"
"44de2f70-0c7e-4e71-befc-45c06b804870","LPS Lot 4: Supply of Export Pipelines (18â ID & 29.5â ID LSAW) NDS-10124857","11 Apr 2025","ENI MUARA BAKAU B.V.","INDUSTRI PIPA DAN SAMBUNGAN PIPA DARI BAJA DAN BESI (SIUP-IUT-IUI-PROP KBLI 2020);","11 Apr 2025","44de2f70-0c7e-4e71-befc-45c06b804870","/download/tnd/ann.jwebs;jsessionid=E4F92B2D920D8B9D02D77216214138F1","Pengumuman Prakualifikasi - NDS-10124857.pdf"
"e4080a88-0c76-48be-9036-d73798bfec02","BG70143 : Pengadaan Cell Book","11 Apr 2025","PT MEDCO E&P INDONESIA","PERDAGANGAN BESAR MESIN, PERALATAN DAN PERLENGKAPAN LAINNYA (SIUP-IUT-IUI-PROP KBLI 2020);","11 Apr 2025","e4080a88-0c76-48be-9036-d73798bfec02","/download/tnd/ann.jwebs;jsessionid=B1A8F2DA2FB6280B91EDF26FBCD994D2","BG70143.pdf"
"a4428bba-6c99-4f9e-b362-3c15f8799a8c","BG69300 : Pengadaan Globe Valve","11 Apr 2025","PT MEDCO E&P INDONESIA","PERDAGANGAN BESAR MESIN, PERALATAN DAN PERLENGKAPAN LAINNYA (SIUP-IUT-IUI-PROP KBLI 2020);","11 Apr 2025","a4428bba-6c99-4f9e-b362-3c15f8799a8c","/download/tnd/ann.jwebs;jsessionid=B1A8F2DA2FB6280B91EDF26FBCD994D2","BG69300.pdf"
"7854aca9-33f8-4875-8ce1-9dea41496970","BG69869 : Pengadaan Encoder Robway","11 Apr 2025","PT MEDCO E&P INDONESIA","PERDAGANGAN BESAR MESIN, PERALATAN DAN PERLENGKAPAN LAINNYA (SIUP-IUT-IUI-PROP KBLI 2020);","11 Apr 2025","7854aca9-33f8-4875-8ce1-9dea41496970","/download/tnd/ann.jwebs;jsessionid=B1A8F2DA2FB6280B91EDF26FBCD994D2","BG69869.pdf"
"fda8c06e-3a4c-45da-8961-60aa7ae2383e","Prakualifikasi No. SX14049457A : Survey, Topography And Positioning Services Package B","11 Apr 2025","PT PERTAMINA HULU MAHAKAM","AKTIVITAS PENUNJANG PERTAMBANGAN MINYAK BUMI DAN GAS ALAM (SIUP-IUT-IUI-PROP KBLI 2020); Jasa Pembuatan Prospektus Geologi dan Geofisika (SIUJK LPJK No 4 2017); Jasa Survey bawah Tanah (SIUJK LPJK No 4 2017); Jasa Survey Permukaan Tanah (SIUJK LPJK No 4 2017);","11 Apr 2025","fda8c06e-3a4c-45da-8961-60aa7ae2383e","/download/tnd/ann.jwebs;jsessionid=B1A8F2DA2FB6280B91EDF26FBCD994D2","SX14049457A.C.01.06.S. Pengumuman Prakualifikasi.pdf"
"5c84c158-b988-4120-81a5-68b48fe4b08d","BS70136 : Pengadaan General Material","11 Apr 2025","PT MEDCO E&P INDONESIA","PERDAGANGAN BESAR MESIN, PERALATAN DAN PERLENGKAPAN LAINNYA (SIUP-IUT-IUI-PROP KBLI 2020);","11 Apr 2025","5c84c158-b988-4120-81a5-68b48fe4b08d","/download/tnd/ann.jwebs;jsessionid=B1A8F2DA2FB6280B91EDF26FBCD994D2","BS70136.pdf"
"7a461419-1098-42d6-912d-7623e8d3e027","Prakualifikasi No. SX14049449A : Survey, Topography And Positioning Services Package A","11 Apr 2025","PT PERTAMINA HULU MAHAKAM","Jasa Pembuatan Prospektus Geologi dan Geofisika (SIUJK LPJK No 4 2017); AKTIVITAS PENUNJANG PERTAMBANGAN MINYAK BUMI DAN GAS ALAM (SIUP-IUT-IUI-PROP KBLI 2020); Jasa Survey bawah Tanah (SIUJK LPJK No 4 2017); Jasa Survey Permukaan Tanah (SIUJK LPJK No 4 2017);","11 Apr 2025","7a461419-1098-42d6-912d-7623e8d3e027","/download/tnd/ann.jwebs;jsessionid=B1A8F2DA2FB6280B91EDF26FBCD994D2","SX14049449A C.01.06.S. Pengumuman Prakualifikasi.pdf"
"96850cb6-82dc-4745-a8ec-3a99f6fd5bd3","LPS Lot 3: Supply of Infield Production Pipelines (12" ID & 10.25" ID SMLS) NDS-10124856","11 Apr 2025","ENI MUARA BAKAU B.V.","INDUSTRI PIPA DAN SAMBUNGAN PIPA DARI BAJA DAN BESI (SIUP-IUT-IUI-PROP KBLI 2020);","11 Apr 2025","96850cb6-82dc-4745-a8ec-3a99f6fd5bd3","/download/tnd/ann.jwebs;jsessionid=A68ED9584957753A5B776608860C28BD","Pengumuman Prakualifikasi - NDS-10124856.pdf"
"29bb9d71-f287-436c-812c-1589a48991bd","CS69697 : Maintenance and Fabrication Services for Cooling System Engine and Compressor Unit","11 Apr 2025","PT MEDCO E&P INDONESIA","INSTALASI MINYAK DAN GAS (SIUP-IUT-IUI-PROP KBLI 2020); INSTALASI MEKANIKAL (SIUP-IUT-IUI-PROP KBLI 2020); REPARASI MESIN (SIUP-IUT-IUI-PROP KBLI 2020);","11 Apr 2025","29bb9d71-f287-436c-812c-1589a48991bd","/download/tnd/ann.jwebs;jsessionid=A68ED9584957753A5B776608860C28BD","CS69697_Extension.pdf"
"d17b3b1c-59b2-4e0d-b5cd-057714d3a75b","JASA PUMPING SERVICE, STIMULASI DAN PENANGANAN SUMUR DENGAN COILED TUBING UNIT DI AREA 1 PT PERTAMIN","11 Apr 2025","PT PERTAMINA EP","AKTIVITAS PENUNJANG PERTAMBANGAN MINYAK BUMI DAN GAS ALAM (SIUP-IUT-IUI-PROP KBLI 2020); PERTAMBANGAN MINYAK BUMI (SIUP-IUT-IUI-PROP KBLI 2020);","11 Apr 2025","d17b3b1c-59b2-4e0d-b5cd-057714d3a75b","/download/tnd/ann.jwebs;jsessionid=A68ED9584957753A5B776608860C28BD","Pengumuman PSPU Area 1.pdf"
"47cf94c7-22cd-4d46-8e27-6cfe563a0e17","CS70078 : AVIATION CONSULTANCY SERVICES","11 Apr 2025","PT MEDCO E&P INDONESIA","JASA INSPEKSI TEKNIK INSTALASI (SIUP-IUT-IUI-PROP KBLI 2020); AKTIVITAS KONSULTASI MANAJEMEN LAINNYA (SIUP-IUT-IUI-PROP KBLI 2020); INDUSTRI ALAT ANGKUTAN LAINNYA YTDL (SIUP-IUT-IUI-PROP KBLI 2020);","11 Apr 2025","47cf94c7-22cd-4d46-8e27-6cfe563a0e17","/download/tnd/ann.jwebs;jsessionid=A68ED9584957753A5B776608860C28BD","CS70078.pdf"
"766ca2c3-2df0-41a3-8d21-34c359e96db0","BS67214 : Butterfly Valve","11 Apr 2025","PT MEDCO E&P INDONESIA","PERDAGANGAN BESAR MESIN, PERALATAN DAN PERLENGKAPAN LAINNYA (SIUP-IUT-IUI-PROP KBLI 2020);","11 Apr 2025","766ca2c3-2df0-41a3-8d21-34c359e96db0","/download/tnd/ann.jwebs;jsessionid=A68ED9584957753A5B776608860C28BD","BS67214.pdf"
"eb2ad60b-470d-4849-8ed5-7235601b8bc5","LBS62509 : VALVE CHOKE.","11 Apr 2025","PT MEDCO E&P INDONESIA","INDUSTRI POMPA LAINNYA, KOMPRESOR, KRAN DAN KLEP/KATUP (SIUP-IUT-IUI-PROP KBLI 2020);","11 Apr 2025","eb2ad60b-470d-4849-8ed5-7235601b8bc5","/download/tnd/ann.jwebs;jsessionid=A68ED9584957753A5B776608860C28BD","LBS62509.pdf"
"8ee654bc-ddac-434e-b6c6-f9e4fcfe4f79","BS70163 : LOCK MANDREL.","11 Apr 2025","PT MEDCO E&P INDONESIA","INDUSTRI PIPA DAN SAMBUNGAN PIPA DARI BAJA DAN BESI (SIUP-IUT-IUI-PROP KBLI 2020);","11 Apr 2025","8ee654bc-ddac-434e-b6c6-f9e4fcfe4f79","/download/tnd/ann.jwebs;jsessionid=513EAF02BA581E03497D526989863DA2","BS70163.pdf"
"599d873d-3f5f-4b8d-8f03-4f356be58820","BG70037 : Chemical Injection Pump Packages","11 Apr 2025","PT MEDCO E&P INDONESIA","PERDAGANGAN BESAR MESIN, PERALATAN DAN PERLENGKAPAN LAINNYA (SIUP-IUT-IUI-PROP KBLI 2020);","11 Apr 2025","599d873d-3f5f-4b8d-8f03-4f356be58820","/download/tnd/ann.jwebs;jsessionid=513EAF02BA581E03497D526989863DA2","BG70037.pdf"
"8662d1fc-3e23-4128-82de-3ce4b3445280","BG70105 : Welding Chamber","11 Apr 2025","PT MEDCO E&P INDONESIA","INDUSTRI POMPA LAINNYA, KOMPRESOR, KRAN DAN KLEP/KATUP (SIUP-IUT-IUI-PROP KBLI 2020);","11 Apr 2025","8662d1fc-3e23-4128-82de-3ce4b3445280","/download/tnd/ann.jwebs;jsessionid=513EAF02BA581E03497D526989863DA2","BG70105.pdf"
"881812ce-0f9b-46de-a60e-643ecc38879d","BS70209 : PIPE ERW X52","11 Apr 2025","PT MEDCO E&P INDONESIA","INDUSTRI PIPA DAN SAMBUNGAN PIPA DARI BAJA DAN BESI (SIUP-IUT-IUI-PROP KBLI 2020);","11 Apr 2025","881812ce-0f9b-46de-a60e-643ecc38879d","/download/tnd/ann.jwebs;jsessionid=513EAF02BA581E03497D526989863DA2","BS70209.pdf"
"e2746b2a-f95a-4fed-9363-e537f5aa8062","NORTH UBADARI 3D SEISMIC PROCESSING SERVICE 4420004058","14 Apr 2025","BP BERAU LTD.","AKTIVITAS PENUNJANG PERTAMBANGAN MINYAK BUMI DAN GAS ALAM (SIUP-IUT-IUI-PROP KBLI 2020);","14 Apr 2025","e2746b2a-f95a-4fed-9363-e537f5aa8062","/download/tnd/ann.jwebs;jsessionid=513EAF02BA581E03497D526989863DA2","2.4.b. CIVD Prequalification Announcemnet Bilingual_Dec24_4420004058.pdf"
"9fb13a22-164a-4ad1-9eba-9aa9a29277ee","BG70159 : GENERAL EQUIPMENT & SUPPLIES","11 Apr 2025","PT MEDCO E&P INDONESIA","PERDAGANGAN BESAR SUKU CADANG ELEKTRONIK DAN PERALATAN TELEKOMUNIKASI DAN BAGIAN-BAGIANNYA (SIUP-IUT-IUI-PROP KBLI 2020);","11 Apr 2025","9fb13a22-164a-4ad1-9eba-9aa9a29277ee","/download/tnd/ann.jwebs;jsessionid=513EAF02BA581E03497D526989863DA2","BG70159.pdf"
"84b982e6-c390-48ce-a9c8-89762404b646","Provision of Land Drilling (Walking) Rig 1500 HP and Services","11 Apr 2025","Texcal Energy Mahato Inc.","AKTIVITAS PENUNJANG PERTAMBANGAN MINYAK BUMI DAN GAS ALAM (SIUP-IUT-IUI-PROP KBLI 2020);","11 Apr 2025","84b982e6-c390-48ce-a9c8-89762404b646","/download/tnd/ann.jwebs;jsessionid=2FC84E8C9A1914143E77D286FFE7686A","PQ Announcement_COM-2504001 (CIVD).pdf"
"5cb88d9e-ea68-4136-8289-2fd754ab4cc5","CS69711 : Provision of General Services for Blok A","14 Apr 2025","PT MEDCO E&P INDONESIA","PERDAGANGAN BESAR MESIN, PERALATAN DAN PERLENGKAPAN LAINNYA (SIUP-IUT-IUI-PROP KBLI 2020);","14 Apr 2025","5cb88d9e-ea68-4136-8289-2fd754ab4cc5","/download/tnd/ann.jwebs;jsessionid=2FC84E8C9A1914143E77D286FFE7686A","00. Pengumuman Undangan Prakualifikasi CIVD - CS69711.pdf"
"a09d6b3b-daaa-4911-9e23-4321e251c22b","CHINSTRAP","11 Apr 2025","PETROCHINA INTERNATIONAL JABUNG LTD.","PERDAGANGAN BESAR BERBAGAI MACAM BARANG (SIUP-IUT-IUI-PROP KBLI 2020);","11 Apr 2025","a09d6b3b-daaa-4911-9e23-4321e251c22b","/download/tnd/ann.jwebs;jsessionid=2FC84E8C9A1914143E77D286FFE7686A","D263-PR#521.pdf"
"4cf3cfda-77ae-4bff-9c9e-106f5b062790","WELL SERVICE & TESTING TOOLS","11 Apr 2025","PETROCHINA INTERNATIONAL JABUNG LTD.","PERDAGANGAN BESAR BERBAGAI MACAM BARANG (SIUP-IUT-IUI-PROP KBLI 2020);","11 Apr 2025","4cf3cfda-77ae-4bff-9c9e-106f5b062790","/download/tnd/ann.jwebs;jsessionid=2FC84E8C9A1914143E77D286FFE7686A","D263-PR#562.pdf"
"fa485d50-5266-40ef-8125-94001f1ad948","OFFICE CHAIR","11 Apr 2025","PETROCHINA INTERNATIONAL JABUNG LTD.","PERDAGANGAN BESAR BERBAGAI MACAM BARANG (SIUP-IUT-IUI-PROP KBLI 2020);","11 Apr 2025","fa485d50-5266-40ef-8125-94001f1ad948","/download/tnd/ann.jwebs;jsessionid=2FC84E8C9A1914143E77D286FFE7686A","D263-PR#513.pdf"
"a4724724-a6f5-4377-9e73-c7e95bb11311","MECHANICAL TEST PLUG","11 Apr 2025","PETROCHINA INTERNATIONAL JABUNG LTD.","PERDAGANGAN BESAR BERBAGAI MACAM BARANG (SIUP-IUT-IUI-PROP KBLI 2020);","11 Apr 2025","a4724724-a6f5-4377-9e73-c7e95bb11311","/download/tnd/ann.jwebs;jsessionid=2FC84E8C9A1914143E77D286FFE7686A","D263-PR#561.pdf"
"05ecac26-4eb3-40ab-84c8-157be19a777b","OIL, TURBO SHELL","11 Apr 2025","PETROCHINA INTERNATIONAL JABUNG LTD.","PERDAGANGAN BESAR BERBAGAI MACAM BARANG (SIUP-IUT-IUI-PROP KBLI 2020);","11 Apr 2025","05ecac26-4eb3-40ab-84c8-157be19a777b","/download/tnd/ann.jwebs;jsessionid=C541928AD272FEDBC2EC72A441B1F086","D263-RO#1033.pdf"
"0b0eeb2a-9f42-4dfb-8d60-c29ceafd0354","Pengadaan Jasa Sewa Rig Pemboran Darat dan Well Service Kapasitas 750 HP Lapangan Jatinegara","11 Apr 2025","PT PERTAMINA EP","AKTIVITAS PENUNJANG PERTAMBANGAN MINYAK BUMI DAN GAS ALAM (SIUP-IUT-IUI-PROP KBLI 2020);","11 Apr 2025","0b0eeb2a-9f42-4dfb-8d60-c29ceafd0354","/download/tnd/ann.jwebs;jsessionid=C541928AD272FEDBC2EC72A441B1F086","Pengumuman Prakualifikasi Jasa Sewa Rig 750 dan Well Service Lap. Jatinegara .pdf"
"5b7bdb5d-2acf-4b0b-afad-ea42593067e3","GA04046955A: Provision of Floating Equipment and Services for Swamp and Offshore Operation","11 Apr 2025","PT PERTAMINA HULU MAHAKAM","JASA INDUSTRI UNTUK BERBAGAI PENGERJAAN KHUSUS LOGAM DAN BARANG DARI LOGAM (SIUP-IUT-IUI-PROP KBLI 2020); PERDAGANGAN BESAR MESIN, PERALATAN DAN PERLENGKAPAN LAINNYA (SIUP-IUT-IUI-PROP KBLI 2020);","11 Apr 2025","5b7bdb5d-2acf-4b0b-afad-ea42593067e3","/download/tnd/ann.jwebs;jsessionid=C541928AD272FEDBC2EC72A441B1F086","C.01.06.S Pengumuman Prakualifikasi.pdf"
"613d0e60-7cba-4e62-857c-25faf970d567","Call Off Order Studbolt for OSF Zona 10","11 Apr 2025","PT PERTAMINA HULU MAHAKAM","INDUSTRI PAKU, MUR DAN BAUT (SIUP-IUT-IUI-PROP KBLI 2020);","11 Apr 2025","613d0e60-7cba-4e62-857c-25faf970d567","/download/tnd/ann.jwebs;jsessionid=C541928AD272FEDBC2EC72A441B1F086","[Fully Signed] PQ16049439A COO Studbolt C.01.06.S. Pengumuman PQ.pdf"