title,date,company,description,attachments,attachment_url,attachment_name,attachment_id,page
PEKERJAAN PENYIAPAN LOKASI PEMBORAN SERTA PEKERJAAN SIPIL SARANA PENUNJANG LAINNYA PANGKALAN SUSU,21 Mar 2025,SKK Migas,"PEKERJAAN PENYIAPAN LOKASI PEMBORAN SERTA PEKERJAAN SIPIL SARANA PENUNJANG LAINNYA DI PT PERTAMINA EP ZONA 1 FIELD PANGKALAN SUSUGolongan Usaha:  
								MenengahJenis Pengadaan:  
								JasaBidang Usaha: 
							
							
								
									
			                                   
				                                   Jasa Pelaksana Konstruksi Jalan Raya ( kecuali Jalan Layang),Jalan, Rel Kereta Api, dan Landas Pacu Bandara (SIUJK Permen 8 2011);
				                              
			                              
								
									
			                                   
				                                   Pekerjaan Penyiapan dan Pematangan Tanah/Lokasi (SIUJK Permen 8 2011);Jenis Pengumuman: Undangan PrakualifikasiLebih lanjutAttachment
Golongan Usaha: Menengah
Jenis Pengadaan: Jasa
Bidang Usaha: Jasa Pelaksana Konstruksi Jalan Raya ( kecuali Jalan Layang),Jalan, Rel Kereta Api, dan Landas Pacu Bandara (SIUJK Permen 8 2011);
Jenis Pengumuman: Undangan Prakualifikasi","[{'url': 'https://civd.skkmigas.go.id/download/tnd/ann.jwebs?fileId=60a6196b-9d8b-4216-abb8-dce484cbea3e&fileName=Pengumuman Prakualifikasi-SA07048826A.pdf', 'name': 'Pengumuman Prakualifikasi-SA07048826A.pdf', 'file_id': '60a6196b-9d8b-4216-abb8-dce484cbea3e'}]",https://civd.skkmigas.go.id/download/tnd/ann.jwebs?fileId=60a6196b-9d8b-4216-abb8-dce484cbea3e&fileName=Pengumuman Prakualifikasi-SA07048826A.pdf,Pengumuman Prakualifikasi-SA07048826A.pdf,60a6196b-9d8b-4216-abb8-dce484cbea3e,1
BG69561 : ASPHALT MATERIAL,20 Mar 2025,SKK Migas,"ASPHALT MATERIALGolongan Usaha:   
								KecilJenis Pengadaan: 
								BarangBidang Usaha: 
							
							
								
									
			                                   
				                                   INDUSTRI PRODUK DARI HASIL KILANG MINYAK BUMI (SIUP-IUT-IUI-PROP KBLI 2020);Jenis Pengumuman: Undangan PrakualifikasiLebih lanjutAttachment
Golongan Usaha: Kecil
Jenis Pengadaan: Barang
Bidang Usaha: INDUSTRI PRODUK DARI HASIL KILANG MINYAK BUMI (SIUP-IUT-IUI-PROP KBLI 2020);
Jenis Pengumuman: Undangan Prakualifikasi","[{'url': 'https://civd.skkmigas.go.id/download/tnd/ann.jwebs?fileId=11d87c67-8870-4a10-b6e2-1793c5e70690&fileName=BG69561.pdf', 'name': 'BG69561.pdf', 'file_id': '11d87c67-8870-4a10-b6e2-1793c5e70690'}]",https://civd.skkmigas.go.id/download/tnd/ann.jwebs?fileId=11d87c67-8870-4a10-b6e2-1793c5e70690&fileName=BG69561.pdf,BG69561.pdf,11d87c67-8870-4a10-b6e2-1793c5e70690,1
CS69395 : Provision of Very Low-Pressure Compressor Rental Services,20 Mar 2025,SKK Migas,"Provision of Very Low-Pressure Compressor Rental ServicesGolongan Usaha: 
								BesarJenis Pengadaan:  
								JasaBidang Usaha: 
							
							
								
									
			                                   
				                                   INDUSTRI POMPA LAINNYA, KOMPRESOR, KRAN DAN KLEP/KATUP (SIUP-IUT-IUI-PROP KBLI 2020);Jenis Pengumuman: Undangan PrakualifikasiLebih lanjutAttachment
Golongan Usaha: Besar
Jenis Pengadaan: Jasa
Bidang Usaha: INDUSTRI POMPA LAINNYA, KOMPRESOR, KRAN DAN KLEP/KATUP (SIUP-IUT-IUI-PROP KBLI 2020);
Jenis Pengumuman: Undangan Prakualifikasi","[{'url': 'https://civd.skkmigas.go.id/download/tnd/ann.jwebs?fileId=3afcff5a-414f-4d61-b6a8-03409bb5e334&fileName=CS69395_R1.pdf', 'name': 'CS69395_R1.pdf', 'file_id': '3afcff5a-414f-4d61-b6a8-03409bb5e334'}]",https://civd.skkmigas.go.id/download/tnd/ann.jwebs?fileId=3afcff5a-414f-4d61-b6a8-03409bb5e334&fileName=CS69395_R1.pdf,CS69395_R1.pdf,3afcff5a-414f-4d61-b6a8-03409bb5e334,1
Jasa Transportasi Minyak Mentah untuk Area Operasional APGWI,20 Mar 2025,SKK Migas,"Dibutuhkan pengadaan jasa pengangkutan minyak mentah dengan kapasitas 16KL untuk mempermudah transportasi pengangkutan minyak mentah dari Lapangan Pendalian ke lokasi Unloading Facility.Golongan Usaha: 
								Besar
							 
								MenengahJenis Pengadaan:  
								JasaBidang Usaha: 
							
							
								
									
			                                   
				                                   ANGKUTAN BERMOTOR UNTUK BARANG KHUSUS (SIUP-IUT-IUI-PROP KBLI 2017);
				                              
			                              
								
									
			                                   
				                                   ANGKUTAN BERMOTOR UNTUK BARANG KHUSUS (SIUP-IUT-IUI-PROP KBLI 2020);
				                              
			                              
								
									
			                                   
				                                   AKTIVITAS PENYEWAAN DAN SEWA GUNA USAHA TANPA HAK OPSI MOBIL, BUS, TRUK DAN SEJENISNYA (SIUP-IUT-IUI-PROP KBLI 2020);Jenis Pengumuman: Undangan PrakualifikasiLebih lanjutAttachment
Golongan Usaha: Besar
Jenis Pengadaan: Jasa
Bidang Usaha: ANGKUTAN BERMOTOR UNTUK BARANG KHUSUS (SIUP-IUT-IUI-PROP KBLI 2017);
Jenis Pengumuman: Undangan Prakualifikasi","[{'url': 'https://civd.skkmigas.go.id/download/tnd/ann.jwebs?fileId=926ee4f9-4c39-4f19-b7d4-c36c98208831&fileName=01. Pengumuman Prakualifikasi CIVD.pdf', 'name': '01. Pengumuman Prakualifikasi CIVD.pdf', 'file_id': '926ee4f9-4c39-4f19-b7d4-c36c98208831'}]",https://civd.skkmigas.go.id/download/tnd/ann.jwebs?fileId=926ee4f9-4c39-4f19-b7d4-c36c98208831&fileName=01. Pengumuman Prakualifikasi CIVD.pdf,01. Pengumuman Prakualifikasi CIVD.pdf,926ee4f9-4c39-4f19-b7d4-c36c98208831,1
BG69333 : MACHINERY & TOOLS,21 Mar 2025,SKK Migas,"MACHINERY & TOOLSGolongan Usaha:   
								KecilJenis Pengadaan: 
								BarangBidang Usaha: 
							
							
								
									
			                                   
				                                   PERDAGANGAN BESAR MESIN, PERALATAN DAN PERLENGKAPAN LAINNYA (SIUP-IUT-IUI-PROP KBLI 2020);Jenis Pengumuman: Undangan PrakualifikasiLebih lanjutAttachment
Golongan Usaha: Kecil
Jenis Pengadaan: Barang
Bidang Usaha: PERDAGANGAN BESAR MESIN, PERALATAN DAN PERLENGKAPAN LAINNYA (SIUP-IUT-IUI-PROP KBLI 2020);
Jenis Pengumuman: Undangan Prakualifikasi","[{'url': 'https://civd.skkmigas.go.id/download/tnd/ann.jwebs?fileId=c192c425-d4d3-4f3a-b5b1-7b6fdebaa3ed&fileName=BG69333.pdf', 'name': 'BG69333.pdf', 'file_id': 'c192c425-d4d3-4f3a-b5b1-7b6fdebaa3ed'}]",https://civd.skkmigas.go.id/download/tnd/ann.jwebs?fileId=c192c425-d4d3-4f3a-b5b1-7b6fdebaa3ed&fileName=BG69333.pdf,BG69333.pdf,c192c425-d4d3-4f3a-b5b1-7b6fdebaa3ed,1
DIGITAL DISPLAY SMART TV,20 Mar 2025,SKK Migas,"Kami mengundang para rekanan untuk pengadaan terkait barang DIGITAL DISPLAY SMART TVGolongan Usaha:   
								KecilJenis Pengadaan: 
								BarangBidang Usaha: 
							
							
								
									
			                                   
				                                   INDUSTRI TELEVISI DAN/ATAU PERAKITAN TELEVISI (SIUP-IUT-IUI-PROP KBLI 2020);Jenis Pengumuman: Undangan PrakualifikasiLebih lanjutAttachment
Golongan Usaha: Kecil
Jenis Pengadaan: Barang
Bidang Usaha: INDUSTRI TELEVISI DAN/ATAU PERAKITAN TELEVISI (SIUP-IUT-IUI-PROP KBLI 2020);
Jenis Pengumuman: Undangan Prakualifikasi","[{'url': 'https://civd.skkmigas.go.id/download/tnd/ann.jwebs?fileId=b2e949c1-a09c-46fa-8693-fc6cb9624df4&fileName=D810-OR88_DIGITAL DISPLAY SMART TV_Announcement of Prequalification in CIVD.pdf', 'name': 'D810-OR88_DIGITAL DISPLAY SMART TV_Announcement of Prequalification in CIVD.pdf', 'file_id': 'b2e949c1-a09c-46fa-8693-fc6cb9624df4'}]",https://civd.skkmigas.go.id/download/tnd/ann.jwebs?fileId=b2e949c1-a09c-46fa-8693-fc6cb9624df4&fileName=D810-OR88_DIGITAL DISPLAY SMART TV_Announcement of Prequalification in CIVD.pdf,D810-OR88_DIGITAL DISPLAY SMART TV_Announcement of Prequalification in CIVD.pdf,b2e949c1-a09c-46fa-8693-fc6cb9624df4,1
Jasa Pembangunan Rambu Suar Dolphin di Site Simenggaris,20 Mar 2025,SKK Migas,"Tender ini dilakukan untuk memenuhi kebutuhan rambu suar di wilayah kerja JOB Pertamina-Medco E&P Simenggaris.Golongan Usaha: 
								Besar
							 
								Menengah
							 
								KecilJenis Pengadaan:  
								JasaBidang Usaha: 
							
							
								
									
			                                   
				                                   KONSTRUKSI BANGUNAN SIPIL LAINNYA (SIUP-IUT-IUI-PROP KBLI 2020);Jenis Pengumuman: Undangan PrakualifikasiLebih lanjutAttachment
Golongan Usaha: Besar
Jenis Pengadaan: Jasa
Bidang Usaha: KONSTRUKSI BANGUNAN SIPIL LAINNYA (SIUP-IUT-IUI-PROP KBLI 2020);
Jenis Pengumuman: Undangan Prakualifikasi","[{'url': 'https://civd.skkmigas.go.id/download/tnd/ann.jwebs?fileId=1aad5dde-82d7-41c2-9084-419a190ff51e&fileName=00. Pengumuman Undangan Prakualifikasi CIVD (CS69648).pdf', 'name': '00. Pengumuman Undangan Prakualifikasi CIVD (CS69648).pdf', 'file_id': '1aad5dde-82d7-41c2-9084-419a190ff51e'}]",https://civd.skkmigas.go.id/download/tnd/ann.jwebs?fileId=1aad5dde-82d7-41c2-9084-419a190ff51e&fileName=00. Pengumuman Undangan Prakualifikasi CIVD (CS69648).pdf,00. Pengumuman Undangan Prakualifikasi CIVD (CS69648).pdf,1aad5dde-82d7-41c2-9084-419a190ff51e,2
JASA BORONGAN TENAGA AHLI OPERASI PRODUKSI SECARA COO SELAMA 2 TAHUN DI PERTAMINA EP,19 Mar 2025,SKK Migas,"JASA PEKERJAAN BORONGAN TENAGA AHLI OPERASI PRODUKSI SECARA CALL OF ORDER (COO) SELAMA 2 (DUA) TAHUN DI PT PERTAMINA EP ZONA 4Golongan Usaha:  
								MenengahJenis Pengadaan:  
								JasaBidang Usaha: 
							
							
								
									
			                                   
				                                   AKTIVITAS PENYEDIAAN TENAGA KERJA WAKTU TERTENTU (SIUP-IUT-IUI-PROP KBLI 2020);Jenis Pengumuman: Undangan PrakualifikasiLebih lanjutAttachment
Golongan Usaha: Menengah
Jenis Pengadaan: Jasa
Bidang Usaha: AKTIVITAS PENYEDIAAN TENAGA KERJA WAKTU TERTENTU (SIUP-IUT-IUI-PROP KBLI 2020);
Jenis Pengumuman: Undangan Prakualifikasi","[{'url': 'https://civd.skkmigas.go.id/download/tnd/ann.jwebs?fileId=f1da1629-2dde-48a4-90bb-d5963a7e98e2&fileName=Pengumuman Prakualifikasi Tender No.SA10048857A.pdf', 'name': 'Pengumuman Prakualifikasi Tender No.SA10048857A.pdf', 'file_id': 'f1da1629-2dde-48a4-90bb-d5963a7e98e2'}]",https://civd.skkmigas.go.id/download/tnd/ann.jwebs?fileId=f1da1629-2dde-48a4-90bb-d5963a7e98e2&fileName=Pengumuman Prakualifikasi Tender No.SA10048857A.pdf,Pengumuman Prakualifikasi Tender No.SA10048857A.pdf,f1da1629-2dde-48a4-90bb-d5963a7e98e2,2
Jasa Instalasi IPAL Area Industri dan PPP Manunggul Tanjung Field,19 Mar 2025,SKK Migas,"Pengadaan unit dan Instalasi Pengolahan Air Limbah (IPAL) dengan design kapasitas untuk Area Industri (2x10m3/day) dan Area Manunggul (1x10m3/day)Golongan Usaha: 
								Besar
							 
								Menengah
							 
								KecilJenis Pengadaan:  
								JasaBidang Usaha: 
							
							
								
									
			                                   
				                                   TREATMENT DAN PEMBUANGAN AIR LIMBAH (SIUP-IUT-IUI-PROP KBLI 2020);
				                              
			                              
								
									
			                                   
				                                   TREATMENT DAN PEMBUANGAN AIR LIMBAH TIDAK BERBAHAYA (SIUP-IUT-IUI-PROP KBLI 2020);
				                              
			                              
								
									
			                                   
				                                   TREATMENT DAN PEMBUANGAN AIR LIMBAH BERBAHAYA (SIUP-IUT-IUI-PROP KBLI 2020);
				                              
			                              
								
									
			                                   
				                                   KONSTRUKSI JARINGAN IRIGASI, KOMUNIKASI, DAN LIMBAH LAINNYA (SIUP-IUT-IUI-PROP KBLI 2020);
				                              
			                              
								
									
			                                   
				                                   INSTALASI/PEMASANGAN MESIN DAN PERALATAN INDUSTRI (SIUP-IUT-IUI-PROP KBLI 2020);Jenis Pengumuman: Undangan PrakualifikasiLebih lanjutAttachment 1Attachment 2
Golongan Usaha: Besar
Jenis Pengadaan: Jasa
Bidang Usaha: TREATMENT DAN PEMBUANGAN AIR LIMBAH (SIUP-IUT-IUI-PROP KBLI 2020);
Jenis Pengumuman: Undangan Prakualifikasi","[{'url': 'https://civd.skkmigas.go.id/download/tnd/ann.jwebs?fileId=a1c8e8a7-06c2-48f0-860e-adaac1cec654&fileName=Pengumuman PQ IPAL.pdf', 'name': 'Pengumuman PQ IPAL.pdf', 'file_id': 'a1c8e8a7-06c2-48f0-860e-adaac1cec654'}, {'url': 'https://civd.skkmigas.go.id/download/tnd/ann.jwebs?fileId=8cc677b2-e9b8-4047-a6b1-f4c45d12a5cb&fileName=Surat Pernyataan.pdf', 'name': 'Surat Pernyataan.pdf', 'file_id': '8cc677b2-e9b8-4047-a6b1-f4c45d12a5cb'}]",https://civd.skkmigas.go.id/download/tnd/ann.jwebs?fileId=a1c8e8a7-06c2-48f0-860e-adaac1cec654&fileName=Pengumuman PQ IPAL.pdf,Pengumuman PQ IPAL.pdf,a1c8e8a7-06c2-48f0-860e-adaac1cec654,2
SPIRAL WOUND GASKET,19 Mar 2025,SKK Migas,"Kami mengundang para rekanan untuk pengadaan terkait barang SPIRAL WOUND GASKETGolongan Usaha:   
								KecilJenis Pengadaan: 
								BarangBidang Usaha: 
							
							
								
									
			                                   
				                                   INDUSTRI PIPA DAN SAMBUNGAN PIPA DARI BAJA DAN BESI (SIUP-IUT-IUI-PROP KBLI 2020);Jenis Pengumuman: Undangan PrakualifikasiLebih lanjutAttachment
Golongan Usaha: Kecil
Jenis Pengadaan: Barang
Bidang Usaha: INDUSTRI PIPA DAN SAMBUNGAN PIPA DARI BAJA DAN BESI (SIUP-IUT-IUI-PROP KBLI 2020);
Jenis Pengumuman: Undangan Prakualifikasi","[{'url': 'https://civd.skkmigas.go.id/download/tnd/ann.jwebs?fileId=42ada65c-bd09-492d-b2b9-cc69d110edfc&fileName=D263-OM940_SPIRAL WOUND GASKET_Announcement of Prequalification in CIVD.pdf', 'name': 'D263-OM940_SPIRAL WOUND GASKET_Announcement of Prequalification in CIVD.pdf', 'file_id': '42ada65c-bd09-492d-b2b9-cc69d110edfc'}]",https://civd.skkmigas.go.id/download/tnd/ann.jwebs?fileId=42ada65c-bd09-492d-b2b9-cc69d110edfc&fileName=D263-OM940_SPIRAL WOUND GASKET_Announcement of Prequalification in CIVD.pdf,D263-OM940_SPIRAL WOUND GASKET_Announcement of Prequalification in CIVD.pdf,42ada65c-bd09-492d-b2b9-cc69d110edfc,2
Pengadaan Material Slickline Tools,19 Mar 2025,SKK Migas,"Pengadaan Material Slickline Tools (Barang Non Wajib)Golongan Usaha:   
								KecilJenis Pengadaan: 
								BarangBidang Usaha: 
							
							
								
									
			                                   
				                                   PERDAGANGAN BESAR BAHAN KONSTRUKSI LAINNYA (SIUP-IUT-IUI-PROP KBLI 2020);Jenis Pengumuman: Undangan PrakualifikasiLebih lanjutAttachment 1Attachment 2
Golongan Usaha: Kecil
Jenis Pengadaan: Barang
Bidang Usaha: PERDAGANGAN BESAR BAHAN KONSTRUKSI LAINNYA (SIUP-IUT-IUI-PROP KBLI 2020);
Jenis Pengumuman: Undangan Prakualifikasi","[{'url': 'https://civd.skkmigas.go.id/download/tnd/ann.jwebs?fileId=24767ae5-4f74-4f2b-9a34-eb754ed6d535&fileName=C.01.04. Pengumuman Prakualifikasi_GA11025124A.pdf', 'name': 'C.01.04. Pengumuman Prakualifikasi_GA11025124A.pdf', 'file_id': '24767ae5-4f74-4f2b-9a34-eb754ed6d535'}, {'url': 'https://civd.skkmigas.go.id/download/tnd/ann.jwebs?fileId=49d85cfd-bf58-4d2c-b18d-b2d2b15e7c33&fileName=C.01.04. Form Pernyataan.pdf', 'name': 'C.01.04. Form Pernyataan.pdf', 'file_id': '49d85cfd-bf58-4d2c-b18d-b2d2b15e7c33'}]",https://civd.skkmigas.go.id/download/tnd/ann.jwebs?fileId=24767ae5-4f74-4f2b-9a34-eb754ed6d535&fileName=C.01.04. Pengumuman Prakualifikasi_GA11025124A.pdf,C.01.04. Pengumuman Prakualifikasi_GA11025124A.pdf,24767ae5-4f74-4f2b-9a34-eb754ed6d535,2
FITTINGS,19 Mar 2025,SKK Migas,"Kami mengundang para rekanan untuk pengadaan terkait barang FITTINGSGolongan Usaha: 
								Besar
							 
								Menengah
							 
								KecilJenis Pengadaan: 
								BarangBidang Usaha: 
							
							
								
									
			                                   
				                                   INDUSTRI PIPA DAN SAMBUNGAN PIPA DARI BAJA DAN BESI (SIUP-IUT-IUI-PROP KBLI 2020);Jenis Pengumuman: Undangan PrakualifikasiLebih lanjutAttachment
Golongan Usaha: Besar
Jenis Pengadaan: Barang
Bidang Usaha: INDUSTRI PIPA DAN SAMBUNGAN PIPA DARI BAJA DAN BESI (SIUP-IUT-IUI-PROP KBLI 2020);
Jenis Pengumuman: Undangan Prakualifikasi","[{'url': 'https://civd.skkmigas.go.id/download/tnd/ann.jwebs?fileId=6dee7f5a-9880-4990-9908-3615b5168b35&fileName=D263-RO982C_FITTING (Non-Wajib)_Announcement of Prequalification in CIVD.pdf', 'name': 'D263-RO982C_FITTING (Non-Wajib)_Announcement of Prequalification in CIVD.pdf', 'file_id': '6dee7f5a-9880-4990-9908-3615b5168b35'}]",https://civd.skkmigas.go.id/download/tnd/ann.jwebs?fileId=6dee7f5a-9880-4990-9908-3615b5168b35&fileName=D263-RO982C_FITTING (Non-Wajib)_Announcement of Prequalification in CIVD.pdf,D263-RO982C_FITTING (Non-Wajib)_Announcement of Prequalification in CIVD.pdf,6dee7f5a-9880-4990-9908-3615b5168b35,2
FITTINGS,19 Mar 2025,SKK Migas,"Kami mengundang para rekanan untuk pengadaan terkait barang FITTINGS.Golongan Usaha: 
								Besar
							 
								Menengah
							 
								KecilJenis Pengadaan: 
								BarangBidang Usaha: 
							
							
								
									
			                                   
				                                   INDUSTRI PIPA DAN SAMBUNGAN PIPA DARI BAJA DAN BESI (SIUP-IUT-IUI-PROP KBLI 2020);Jenis Pengumuman: Undangan PrakualifikasiLebih lanjutAttachment
Golongan Usaha: Besar
Jenis Pengadaan: Barang
Bidang Usaha: INDUSTRI PIPA DAN SAMBUNGAN PIPA DARI BAJA DAN BESI (SIUP-IUT-IUI-PROP KBLI 2020);
Jenis Pengumuman: Undangan Prakualifikasi","[{'url': 'https://civd.skkmigas.go.id/download/tnd/ann.jwebs?fileId=b477d239-2698-421a-8829-e945e5184d34&fileName=D263-RO982B & 983_FITTING (Wajib)_Announcement of Prequalification in CIVD.pdf', 'name': 'D263-RO982B & 983_FITTING (Wajib)_Announcement of Prequalification in CIVD.pdf', 'file_id': 'b477d239-2698-421a-8829-e945e5184d34'}]",https://civd.skkmigas.go.id/download/tnd/ann.jwebs?fileId=b477d239-2698-421a-8829-e945e5184d34&fileName=D263-RO982B & 983_FITTING (Wajib)_Announcement of Prequalification in CIVD.pdf,D263-RO982B & 983_FITTING (Wajib)_Announcement of Prequalification in CIVD.pdf,b477d239-2698-421a-8829-e945e5184d34,3
LINE PIPE ERW,19 Mar 2025,SKK Migas,"Kami mengundang para rekanan untuk pengadaan terkait barang LINE PIPE ERWGolongan Usaha: 
								Besar
							 
								Menengah
							 
								KecilJenis Pengadaan: 
								BarangBidang Usaha: 
							
							
								
									
			                                   
				                                   INDUSTRI PIPA DAN SAMBUNGAN PIPA DARI BAJA DAN BESI (SIUP-IUT-IUI-PROP KBLI 2020);Jenis Pengumuman: Undangan PrakualifikasiLebih lanjutAttachment
Golongan Usaha: Besar
Jenis Pengadaan: Barang
Bidang Usaha: INDUSTRI PIPA DAN SAMBUNGAN PIPA DARI BAJA DAN BESI (SIUP-IUT-IUI-PROP KBLI 2020);
Jenis Pengumuman: Undangan Prakualifikasi","[{'url': 'https://civd.skkmigas.go.id/download/tnd/ann.jwebs?fileId=45bd782e-c7d2-4674-8d6a-32f40d6f846e&fileName=D263-RO982A_LINE PIPE ERW_Announcement of Prequalification in CIVD.pdf', 'name': 'D263-RO982A_LINE PIPE ERW_Announcement of Prequalification in CIVD.pdf', 'file_id': '45bd782e-c7d2-4674-8d6a-32f40d6f846e'}]",https://civd.skkmigas.go.id/download/tnd/ann.jwebs?fileId=45bd782e-c7d2-4674-8d6a-32f40d6f846e&fileName=D263-RO982A_LINE PIPE ERW_Announcement of Prequalification in CIVD.pdf,D263-RO982A_LINE PIPE ERW_Announcement of Prequalification in CIVD.pdf,45bd782e-c7d2-4674-8d6a-32f40d6f846e,3
STUD BOLT,19 Mar 2025,SKK Migas,"Kami mengundang para rekanan untuk pengadaan terkait barang STUD BOLT.Golongan Usaha: 
								Besar
							 
								Menengah
							 
								KecilJenis Pengadaan: 
								BarangBidang Usaha: 
							
							
								
									
			                                   
				                                   INDUSTRI PIPA DAN SAMBUNGAN PIPA DARI BAJA DAN BESI (SIUP-IUT-IUI-PROP KBLI 2020);Jenis Pengumuman: Undangan PrakualifikasiLebih lanjutAttachment
Golongan Usaha: Besar
Jenis Pengadaan: Barang
Bidang Usaha: INDUSTRI PIPA DAN SAMBUNGAN PIPA DARI BAJA DAN BESI (SIUP-IUT-IUI-PROP KBLI 2020);
Jenis Pengumuman: Undangan Prakualifikasi","[{'url': 'https://civd.skkmigas.go.id/download/tnd/ann.jwebs?fileId=db3f57bb-c5f2-423d-856f-cf20b48bc143&fileName=D263-RO983B_STUD BOLT_Announcement of Prequalification in CIVD.pdf', 'name': 'D263-RO983B_STUD BOLT_Announcement of Prequalification in CIVD.pdf', 'file_id': 'db3f57bb-c5f2-423d-856f-cf20b48bc143'}]",https://civd.skkmigas.go.id/download/tnd/ann.jwebs?fileId=db3f57bb-c5f2-423d-856f-cf20b48bc143&fileName=D263-RO983B_STUD BOLT_Announcement of Prequalification in CIVD.pdf,D263-RO983B_STUD BOLT_Announcement of Prequalification in CIVD.pdf,db3f57bb-c5f2-423d-856f-cf20b48bc143,3
CS69223 : MULTIFUNCTION PRINTER RENTAL MAINTENANCE AND SERVICES,19 Mar 2025,SKK Migas,"MULTIFUNCTION PRINTER RENTAL MAINTENANCE AND SERVICESGolongan Usaha: 
								Besar
							 
								MenengahJenis Pengadaan:  
								JasaBidang Usaha: 
							
							
								
									
			                                   
				                                   INDUSTRI KOMPUTER DAN PERLENGKAPANNYA (SIUP-IUT-IUI-PROP KBLI 2020);
				                              
			                              
								
									
			                                   
				                                   PERDAGANGAN BESAR KOMPUTER, PERLENGKAPAN KOMPUTER DAN PIRANTI LUNAK (SIUP-IUT-IUI-PROP KBLI 2020);
				                              
			                              
								
									
			                                   
				                                   AKTIVITAS TEKNOLOGI INFORMASI DAN JASA KOMPUTER LAINNYA (SIUP-IUT-IUI-PROP KBLI 2020);Jenis Pengumuman: Undangan PrakualifikasiLebih lanjutAttachment
Golongan Usaha: Besar
Jenis Pengadaan: Jasa
Bidang Usaha: INDUSTRI KOMPUTER DAN PERLENGKAPANNYA (SIUP-IUT-IUI-PROP KBLI 2020);
Jenis Pengumuman: Undangan Prakualifikasi","[{'url': 'https://civd.skkmigas.go.id/download/tnd/ann.jwebs?fileId=dd0f4d4d-139b-4769-8925-5e8f72612a39&fileName=CS69223.pdf', 'name': 'CS69223.pdf', 'file_id': 'dd0f4d4d-139b-4769-8925-5e8f72612a39'}]",https://civd.skkmigas.go.id/download/tnd/ann.jwebs?fileId=dd0f4d4d-139b-4769-8925-5e8f72612a39&fileName=CS69223.pdf,CS69223.pdf,dd0f4d4d-139b-4769-8925-5e8f72612a39,3
JASA TREATMENT PRODUCED FLUID MENGGUNAKAN CHEMICAL SCALE INHIBITOR DENGAN KONSEP TOTAL SOLUTION BERI,18 Mar 2025,SKK Migas,"KONTRAK JASA TREATMENT PRODUCED FLUID MENGGUNAKAN CHEMICAL SCALE INHIBITOR DENGAN KONSEP TOTAL SOLUTION BERIKUT JASA PENUNJANG SELAMA 1095 (SERIBU SEMBILAN PULUH LIMA) HARI KALENDER DI PT. PERTAMINA EP REGIONAL 1 ZONA 4 FIELD PRABUMULIHGolongan Usaha: 
								Besar
							 
								MenengahJenis Pengadaan:  
								JasaBidang Usaha: 
							
							
								
									
			                                   
				                                   INDUSTRI KIMIA DASAR ORGANIK YANG MENGHASILKAN BAHAN KIMIA KHUSUS (SIUP-IUT-IUI-PROP KBLI 2020);
				                              
			                              
								
									
			                                   
				                                   INDUSTRI KIMIA DASAR ORGANIK LAINNYA (SIUP-IUT-IUI-PROP KBLI 2020);
				                              
			                              
								
									
			                                   
				                                   INDUSTRI BARANG KIMIA LAINNYA YTDL (SIUP-IUT-IUI-PROP KBLI 2020);Jenis Pengumuman: Undangan PrakualifikasiLebih lanjutAttachment
Golongan Usaha: Besar
Jenis Pengadaan: Jasa
Bidang Usaha: INDUSTRI KIMIA DASAR ORGANIK YANG MENGHASILKAN BAHAN KIMIA KHUSUS (SIUP-IUT-IUI-PROP KBLI 2020);
Jenis Pengumuman: Undangan Prakualifikasi","[{'url': 'https://civd.skkmigas.go.id/download/tnd/ann.jwebs?fileId=4570cbd0-9375-4347-9dd5-34ee19e0076e&fileName=Pengumuman Prakualifikasi - SA10047017B.pdf', 'name': 'Pengumuman Prakualifikasi - SA10047017B.pdf', 'file_id': '4570cbd0-9375-4347-9dd5-34ee19e0076e'}]",https://civd.skkmigas.go.id/download/tnd/ann.jwebs?fileId=4570cbd0-9375-4347-9dd5-34ee19e0076e&fileName=Pengumuman Prakualifikasi - SA10047017B.pdf,Pengumuman Prakualifikasi - SA10047017B.pdf,4570cbd0-9375-4347-9dd5-34ee19e0076e,3
Pengadaan dan Pemasangan Fire & Gas dan Fire Fighting Protection System di Onsite Permanen Fasilitas,18 Mar 2025,SKK Migas,"KONTRAKTOR diminta untuk melakukan pengadaan material, peralatan, instalasi, pengujian peralatan, sertifikasi, dokumentasi dan pendukung Fire and Gas System.Golongan Usaha: 
								Besar
							 
								MenengahJenis Pengadaan:   
								Barang dan JasaBidang Usaha: 
							
							
								
									
			                                   
				                                   PERDAGANGAN BESAR MESIN, PERALATAN DAN PERLENGKAPANNYA (SIUP-IUT-IUI-PROP KBLI 2020);Jenis Pengumuman: Undangan PrakualifikasiLebih lanjutAttachment
Golongan Usaha: Besar
Jenis Pengadaan: Barang dan Jasa
Bidang Usaha: PERDAGANGAN BESAR MESIN, PERALATAN DAN PERLENGKAPANNYA (SIUP-IUT-IUI-PROP KBLI 2020);
Jenis Pengumuman: Undangan Prakualifikasi","[{'url': 'https://civd.skkmigas.go.id/download/tnd/ann.jwebs?fileId=268b84c8-08fb-46fa-bcad-2a4837559463&fileName=01_Pengumuman PQ-CIVD-FG System.pdf', 'name': '01_Pengumuman PQ-CIVD-FG System.pdf', 'file_id': '268b84c8-08fb-46fa-bcad-2a4837559463'}]",https://civd.skkmigas.go.id/download/tnd/ann.jwebs?fileId=268b84c8-08fb-46fa-bcad-2a4837559463&fileName=01_Pengumuman PQ-CIVD-FG System.pdf,01_Pengumuman PQ-CIVD-FG System.pdf,268b84c8-08fb-46fa-bcad-2a4837559463,3
Jasa-Jasa Commissioning dan Sertifikasi Serah Terima [For PHE ONWJ],19 Mar 2025,SKK Migas,"Penyediaan Jasa-Jasa Commissioning dan Sertifikasi Serah Terima untuk Fasilitas-Fasilitas Baru.Golongan Usaha: 
								Besar
							 
								MenengahJenis Pengadaan:  
								JasaBidang Usaha: 
							
							
								
									
			                                   
				                                   JASA COMMISSIONING PROSES INDUSTRIAL, QUALITY ASSURANCE (QA), DAN QUALITY CONTROL (QC) (SIUP-IUT-IUI-PROP KBLI 2020);
				                              
			                              
								
									
			                                   
				                                   INSTALASI MINYAK DAN GAS (SIUP-IUT-IUI-PROP KBLI 2020);Jenis Pengumuman: Undangan PrakualifikasiLebih lanjutAttachment 1Attachment 2
Golongan Usaha: Besar
Jenis Pengadaan: Jasa
Bidang Usaha: JASA COMMISSIONING PROSES INDUSTRIAL, QUALITY ASSURANCE (QA), DAN QUALITY CONTROL (QC) (SIUP-IUT-IUI-PROP KBLI 2020);
Jenis Pengumuman: Undangan Prakualifikasi","[{'url': 'https://civd.skkmigas.go.id/download/tnd/ann.jwebs?fileId=20dc35b4-53fc-462a-a1c1-3d9891da3848&fileName=C.01.06.S. Pengumuman Prakualifikasi SX11048423A.pdf', 'name': 'C.01.06.S. Pengumuman Prakualifikasi SX11048423A.pdf', 'file_id': '20dc35b4-53fc-462a-a1c1-3d9891da3848'}, {'url': 'https://civd.skkmigas.go.id/download/tnd/ann.jwebs?fileId=d7b9c87c-27df-47f4-9890-36625283ebbe&fileName=C.01.06.S. Pengumuman Prakualifikasi SX11048423A - Template Surat Pernyataan.pdf', 'name': 'C.01.06.S. Pengumuman Prakualifikasi SX11048423A - Template Surat Pernyataan.pdf', 'file_id': 'd7b9c87c-27df-47f4-9890-36625283ebbe'}]",https://civd.skkmigas.go.id/download/tnd/ann.jwebs?fileId=20dc35b4-53fc-462a-a1c1-3d9891da3848&fileName=C.01.06.S. Pengumuman Prakualifikasi SX11048423A.pdf,C.01.06.S. Pengumuman Prakualifikasi SX11048423A.pdf,20dc35b4-53fc-462a-a1c1-3d9891da3848,4
Studi Evaluasi GGR Upside Potential Asset 1 dan Asset 2 Regional 1,18 Mar 2025,SKK Migas,"Studi untuk menemukan potensi tambahan subsurface dari struktur yang belum dikerjakan sebagai upaya untuk penambahan reserves/cadangan serta untuk menaikkan produksi melalui pengeboran sumur infill dan stepoutGolongan Usaha:  
								MenengahJenis Pengadaan:  
								JasaBidang Usaha: 
							
							
								
									
			                                   
				                                   AKTIVITAS PENUNJANG PERTAMBANGAN MINYAK BUMI DAN GAS ALAM (SIUP-IUT-IUI-PROP KBLI 2020);
				                              
			                              
								
									
			                                   
				                                   Jasa Pembuatan Prospektus Geologi dan Geofisika (SIUJK LPJK No 4 2017);Jenis Pengumuman: Undangan PrakualifikasiLebih lanjutAttachment
Golongan Usaha: Menengah
Jenis Pengadaan: Jasa
Bidang Usaha: AKTIVITAS PENUNJANG PERTAMBANGAN MINYAK BUMI DAN GAS ALAM (SIUP-IUT-IUI-PROP KBLI 2020);
Jenis Pengumuman: Undangan Prakualifikasi","[{'url': 'https://civd.skkmigas.go.id/download/tnd/ann.jwebs?fileId=cb446bc8-9422-4a35-a4aa-6f1ae30b0d06&fileName=C.01.06.S. Pengumuman Prakualifikasi Studi GGR.pdf', 'name': 'C.01.06.S. Pengumuman Prakualifikasi Studi GGR.pdf', 'file_id': 'cb446bc8-9422-4a35-a4aa-6f1ae30b0d06'}]",https://civd.skkmigas.go.id/download/tnd/ann.jwebs?fileId=cb446bc8-9422-4a35-a4aa-6f1ae30b0d06&fileName=C.01.06.S. Pengumuman Prakualifikasi Studi GGR.pdf,C.01.06.S. Pengumuman Prakualifikasi Studi GGR.pdf,cb446bc8-9422-4a35-a4aa-6f1ae30b0d06,4
BS66670-1 : MOTORTRONICS PARTS,19 Mar 2025,SKK Migas,"MOTORTRONICS PARTSGolongan Usaha: 
								Besar
							 
								Menengah
							 
								KecilJenis Pengadaan: 
								BarangBidang Usaha: 
							
							
								
									
			                                   
				                                   INDUSTRI SEMI KONDUKTOR DAN KOMPONEN ELEKTRONIK LAINNYA (SIUP-IUT-IUI-PROP KBLI 2020);Jenis Pengumuman: Undangan PrakualifikasiLebih lanjutAttachment
Golongan Usaha: Besar
Jenis Pengadaan: Barang
Bidang Usaha: INDUSTRI SEMI KONDUKTOR DAN KOMPONEN ELEKTRONIK LAINNYA (SIUP-IUT-IUI-PROP KBLI 2020);
Jenis Pengumuman: Undangan Prakualifikasi","[{'url': 'https://civd.skkmigas.go.id/download/tnd/ann.jwebs?fileId=70bb54e3-2259-44a2-b9a8-c1db2a6219c4&fileName=BS66670-1.pdf', 'name': 'BS66670-1.pdf', 'file_id': '70bb54e3-2259-44a2-b9a8-c1db2a6219c4'}]",https://civd.skkmigas.go.id/download/tnd/ann.jwebs?fileId=70bb54e3-2259-44a2-b9a8-c1db2a6219c4&fileName=BS66670-1.pdf,BS66670-1.pdf,70bb54e3-2259-44a2-b9a8-c1db2a6219c4,4
Jasa Perbaikan dan Penyambungan Jaringan Listrik SP Binio ke PLN (NOMOR TENDER : S250013-250064.EER),18 Mar 2025,SKK Migas,"Menyediakan jasa penyambungan interkoneksi dari Fasilitas Alat Pengukur & Pembatas (APP) PLN beserta jasa penyediaan infrastruktur kelistrikannya.Golongan Usaha: 
								Besar
							 
								MenengahJenis Pengadaan:  
								JasaBidang Usaha: 
							
							
								
									
			                                   
				                                   Jasa Pelaksana Konstruksi Instalasi Jaringan Transmisi Tenaga Listrik Tegangan Tinggi/ Ekstra Tegangan Tinggi (SIUJK Permen 8 2011);
				                              
			                              
								
									
			                                   
				                                   Jasa Pelaksana Konstruksi Jaringan Distribusi Tenaga Listrik Tegangan Menengah (SIUJK Permen 8 2011);
				                              
			                              
								
									
			                                   
				                                   INSTALASI LISTRIK (SIUP-IUT-IUI-PROP KBLI 2020);Jenis Pengumuman: Undangan PrakualifikasiLebih lanjutAttachment
Golongan Usaha: Besar
Jenis Pengadaan: Jasa
Bidang Usaha: Jasa Pelaksana Konstruksi Instalasi Jaringan Transmisi Tenaga Listrik Tegangan Tinggi/ Ekstra Tegangan Tinggi (SIUJK Permen 8 2011);
Jenis Pengumuman: Undangan Prakualifikasi","[{'url': 'https://civd.skkmigas.go.id/download/tnd/ann.jwebs?fileId=8e247b0b-e8ba-41b7-a95a-fa83e5eca816&fileName=Pengumuman Prakualifikasi.pdf', 'name': 'Pengumuman Prakualifikasi.pdf', 'file_id': '8e247b0b-e8ba-41b7-a95a-fa83e5eca816'}]",https://civd.skkmigas.go.id/download/tnd/ann.jwebs?fileId=8e247b0b-e8ba-41b7-a95a-fa83e5eca816&fileName=Pengumuman Prakualifikasi.pdf,Pengumuman Prakualifikasi.pdf,8e247b0b-e8ba-41b7-a95a-fa83e5eca816,4
JASA PROCESS SAFETY STUDY PT PERTAMINA EP PAPUA FIELD,18 Mar 2025,SKK Migas,"JASA PROCESS SAFETY STUDY PT PERTAMINA EP PAPUA FIELDGolongan Usaha: 
								Besar
							 
								Menengah
							 
								KecilJenis Pengadaan:  
								JasaBidang Usaha: 
							
							
								
									
			                                   
				                                   AKTIVITAS KONSULTASI MANAJEMEN LAINNYA (SIUP-IUT-IUI-PROP KBLI 2020);Jenis Pengumuman: Undangan PrakualifikasiLebih lanjutAttachment
Golongan Usaha: Besar
Jenis Pengadaan: Jasa
Bidang Usaha: AKTIVITAS KONSULTASI MANAJEMEN LAINNYA (SIUP-IUT-IUI-PROP KBLI 2020);
Jenis Pengumuman: Undangan Prakualifikasi","[{'url': 'https://civd.skkmigas.go.id/download/tnd/ann.jwebs?fileId=f98f2e26-1e09-4647-8c70-789455d7bf22&fileName=C.01.06.S Pengumuman Prakualifikasi-SX20047264B (1)_signed.pdf', 'name': 'C.01.06.S Pengumuman Prakualifikasi-SX20047264B (1)_signed.pdf', 'file_id': 'f98f2e26-1e09-4647-8c70-789455d7bf22'}]",https://civd.skkmigas.go.id/download/tnd/ann.jwebs?fileId=f98f2e26-1e09-4647-8c70-789455d7bf22&fileName=C.01.06.S Pengumuman Prakualifikasi-SX20047264B (1)_signed.pdf,C.01.06.S Pengumuman Prakualifikasi-SX20047264B (1)_signed.pdf,f98f2e26-1e09-4647-8c70-789455d7bf22,4
Jasa Condition Monitoring Peralatan Kritikal PT Pertamina EP Zona 1,17 Mar 2025,SKK Migas,"Jasa Condition Monitoring Peralatan Kritikal PT Pertamina EP Zona 1Golongan Usaha: 
								Besar
							 
								Menengah
							 
								KecilJenis Pengadaan:  
								JasaBidang Usaha: 
							
							
								
									
			                                   
				                                   AKTIVITAS PENUNJANG PERTAMBANGAN MINYAK BUMI DAN GAS ALAM (SIUP-IUT-IUI-PROP KBLI 2020);Jenis Pengumuman: Undangan PrakualifikasiLebih lanjutAttachment 1Attachment 2
Golongan Usaha: Besar
Jenis Pengadaan: Jasa
Bidang Usaha: AKTIVITAS PENUNJANG PERTAMBANGAN MINYAK BUMI DAN GAS ALAM (SIUP-IUT-IUI-PROP KBLI 2020);
Jenis Pengumuman: Undangan Prakualifikasi","[{'url': 'https://civd.skkmigas.go.id/download/tnd/ann.jwebs?fileId=207d7a43-8bb9-4063-b915-227f69290e5e&fileName=Pengumuman PQ.pdf', 'name': 'Pengumuman PQ.pdf', 'file_id': '207d7a43-8bb9-4063-b915-227f69290e5e'}, {'url': 'https://civd.skkmigas.go.id/download/tnd/ann.jwebs?fileId=8cd3cd32-4144-4751-8fbc-5389b254ea35&fileName=Surat Pernyataan.pdf', 'name': 'Surat Pernyataan.pdf', 'file_id': '8cd3cd32-4144-4751-8fbc-5389b254ea35'}]",https://civd.skkmigas.go.id/download/tnd/ann.jwebs?fileId=207d7a43-8bb9-4063-b915-227f69290e5e&fileName=Pengumuman PQ.pdf,Pengumuman PQ.pdf,207d7a43-8bb9-4063-b915-227f69290e5e,4
Jasa Penyediaan Water Based Mud di Sangatta & Tanjung PEP,17 Mar 2025,SKK Migas,"PERUSAHAAN membutuhkan Jasa Pengelolaan Water Based Mud (Polyamine Based) lengkap dengan Penyediaan Material, Peralatan dan Drilling Fluids Engineer untuk Pemboran Sumur-Sumur di Wilayah Sangatta & Tanjung.Golongan Usaha: 
								Besar
							 
								Menengah
							 
								KecilJenis Pengadaan:  
								JasaBidang Usaha: 
							
							
								
									
			                                   
				                                   AKTIVITAS PENUNJANG PERTAMBANGAN MINYAK BUMI DAN GAS ALAM (SIUP-IUT-IUI-PROP KBLI 2020);Jenis Pengumuman: Undangan PrakualifikasiLebih lanjutAttachment 1Attachment 2
Golongan Usaha: Besar
Jenis Pengadaan: Jasa
Bidang Usaha: AKTIVITAS PENUNJANG PERTAMBANGAN MINYAK BUMI DAN GAS ALAM (SIUP-IUT-IUI-PROP KBLI 2020);
Jenis Pengumuman: Undangan Prakualifikasi","[{'url': 'https://civd.skkmigas.go.id/download/tnd/ann.jwebs?fileId=28409b65-abe1-4af2-99ac-ff731482de13&fileName=C.01.05.S. Pengumuman Prakualifikasi (5).pdf', 'name': 'C.01.05.S. Pengumuman Prakualifikasi (5).pdf', 'file_id': '28409b65-abe1-4af2-99ac-ff731482de13'}, {'url': 'https://civd.skkmigas.go.id/download/tnd/ann.jwebs?fileId=5b98af1b-ea57-4995-9ba2-77e23ef16ec5&fileName=Surat Pernyataan.pdf', 'name': 'Surat Pernyataan.pdf', 'file_id': '5b98af1b-ea57-4995-9ba2-77e23ef16ec5'}]",https://civd.skkmigas.go.id/download/tnd/ann.jwebs?fileId=28409b65-abe1-4af2-99ac-ff731482de13&fileName=C.01.05.S. Pengumuman Prakualifikasi (5).pdf,C.01.05.S. Pengumuman Prakualifikasi (5).pdf,28409b65-abe1-4af2-99ac-ff731482de13,5
Supply And Accommodation Vessel To Support wells Intervention 2025 4420004049,17 Mar 2025,SKK Migas,"Supply And Accommodation Vessel To Support wells Intervention 2025 4420004049Golongan Usaha: 
								BesarJenis Pengadaan:  
								JasaBidang Usaha: 
							
							
								
									
			                                   
				                                   ANGKUTAN LAUT (SIUP-IUT-IUI-PROP KBLI 2020);Jenis Pengumuman: Undangan PrakualifikasiLebih lanjutAttachment
Golongan Usaha: Besar
Jenis Pengadaan: Jasa
Bidang Usaha: ANGKUTAN LAUT (SIUP-IUT-IUI-PROP KBLI 2020);
Jenis Pengumuman: Undangan Prakualifikasi","[{'url': 'https://civd.skkmigas.go.id/download/tnd/ann.jwebs?fileId=cfe2f2ef-0944-48da-91c9-f12ba38782ea&fileName=2.4.b. CIVD Prequalification Announcement 4420004049 Accommodation vessel.pdf', 'name': '2.4.b. CIVD Prequalification Announcement 4420004049 Accommodation vessel.pdf', 'file_id': 'cfe2f2ef-0944-48da-91c9-f12ba38782ea'}]",https://civd.skkmigas.go.id/download/tnd/ann.jwebs?fileId=cfe2f2ef-0944-48da-91c9-f12ba38782ea&fileName=2.4.b. CIVD Prequalification Announcement 4420004049 Accommodation vessel.pdf,2.4.b. CIVD Prequalification Announcement 4420004049 Accommodation vessel.pdf,cfe2f2ef-0944-48da-91c9-f12ba38782ea,5
Prakualifikasi No. GX14048374A : Pengadaan HVAC Compressor dan Actuator,18 Mar 2025,SKK Migas,"Gol. Usaha : Usaha Kecil/Pabrikan/Agen/Distributor/Penyedia yg ditunjuk, Bat. Min. TKDN : 0%, Ris. Pekerjaan : Rendah, Dom. Cal. Peserta Tender : Prov. setempat, yaitu : Kal-Tim, Kat. Barang : Barang Non-APDN, Pemuka Konsorsium : PDNGolongan Usaha:   
								KecilJenis Pengadaan: 
								BarangBidang Usaha: 
							
							
								
									
			                                   
				                                   PERDAGANGAN BESAR MESIN, PERALATAN DAN PERLENGKAPAN LAINNYA (SIUP-IUT-IUI-PROP KBLI 2020);Jenis Pengumuman: Undangan PrakualifikasiLebih lanjutAttachment
Golongan Usaha: Kecil
Jenis Pengadaan: Barang
Bidang Usaha: PERDAGANGAN BESAR MESIN, PERALATAN DAN PERLENGKAPAN LAINNYA (SIUP-IUT-IUI-PROP KBLI 2020);
Jenis Pengumuman: Undangan Prakualifikasi","[{'url': 'https://civd.skkmigas.go.id/download/tnd/ann.jwebs?fileId=26694caa-7fce-4bbe-b63c-b48c103b1ef7&fileName=GX14048374A - C.01.06.S. Pengumuman Prakualifikasi-.pdf', 'name': 'GX14048374A - C.01.06.S. Pengumuman Prakualifikasi-.pdf', 'file_id': '26694caa-7fce-4bbe-b63c-b48c103b1ef7'}]",https://civd.skkmigas.go.id/download/tnd/ann.jwebs?fileId=26694caa-7fce-4bbe-b63c-b48c103b1ef7&fileName=GX14048374A - C.01.06.S. Pengumuman Prakualifikasi-.pdf,GX14048374A - C.01.06.S. Pengumuman Prakualifikasi-.pdf,26694caa-7fce-4bbe-b63c-b48c103b1ef7,5
Prakualifikasi No. GX14048381A : Pengadaan Material Multiphase Flowmeter Vx Spectra,18 Mar 2025,SKK Migas,"Gol. Usaha : Usaha Kecil/Pabrikan/Agen/Distributor/Penyedia yg ditunjuk, Bat. Min. TKDN : 0%, Ris. Pekerjaan : Rendah, Dom. Cal. Peserta Tender : Prov. setempat, yaitu : Kal-Tim, Kat. Barang : Barang Non-APDN, Pemuka Konsorsium : PDNGolongan Usaha:   
								KecilJenis Pengadaan: 
								BarangBidang Usaha: 
							
							
								
									
			                                   
				                                   PERDAGANGAN BESAR MESIN KANTOR DAN INDUSTRI PENGOLAHAN, SUKU CADANG DAN PERLENGKAPANNYA (SIUP-IUT-IUI-PROP KBLI 2020);Jenis Pengumuman: Undangan PrakualifikasiLebih lanjutAttachment
Golongan Usaha: Kecil
Jenis Pengadaan: Barang
Bidang Usaha: PERDAGANGAN BESAR MESIN KANTOR DAN INDUSTRI PENGOLAHAN, SUKU CADANG DAN PERLENGKAPANNYA (SIUP-IUT-IUI-PROP KBLI 2020);
Jenis Pengumuman: Undangan Prakualifikasi","[{'url': 'https://civd.skkmigas.go.id/download/tnd/ann.jwebs?fileId=29ad48bb-bfc6-4d5b-a5c8-4995aaa370ac&fileName=GX14048381A - C.01.06.S. Pengumuman Prakualifikasi.pdf', 'name': 'GX14048381A - C.01.06.S. Pengumuman Prakualifikasi.pdf', 'file_id': '29ad48bb-bfc6-4d5b-a5c8-4995aaa370ac'}]",https://civd.skkmigas.go.id/download/tnd/ann.jwebs?fileId=29ad48bb-bfc6-4d5b-a5c8-4995aaa370ac&fileName=GX14048381A - C.01.06.S. Pengumuman Prakualifikasi.pdf,GX14048381A - C.01.06.S. Pengumuman Prakualifikasi.pdf,29ad48bb-bfc6-4d5b-a5c8-4995aaa370ac,5
Prakualifikasi No. SX14048547A : Flow Meter Technical Support,18 Mar 2025,SKK Migas,"Gol. Usaha : Usaha Kecil, Menengah, Besar Bat. Min. TKDN : 0.93%, Risiko Pekerjaan : Rendah, Domisili Calon Peserta Tender : Tidak ditentukanGolongan Usaha: 
								Besar
							 
								Menengah
							 
								KecilJenis Pengadaan:  
								JasaBidang Usaha: 
							
							
								
									
			                                   
				                                   PERDAGANGAN BESAR ATAS DASAR BALAS JASA (FEE) ATAU KONTRAK (SIUP-IUT-IUI-PROP KBLI 2020);
				                              
			                              
								
									
			                                   
				                                   AKTIVITAS PENUNJANG PERTAMBANGAN MINYAK BUMI DAN GAS ALAM (SIUP-IUT-IUI-PROP KBLI 2020);Jenis Pengumuman: Undangan PrakualifikasiLebih lanjutAttachment
Golongan Usaha: Besar
Jenis Pengadaan: Jasa
Bidang Usaha: PERDAGANGAN BESAR ATAS DASAR BALAS JASA (FEE) ATAU KONTRAK (SIUP-IUT-IUI-PROP KBLI 2020);
Jenis Pengumuman: Undangan Prakualifikasi","[{'url': 'https://civd.skkmigas.go.id/download/tnd/ann.jwebs?fileId=ed7e2666-5a9a-496d-a985-8a7cbf53d097&fileName=SX14048547A - C.01.06.S. Pengumuman Prakualifikasi.pdf', 'name': 'SX14048547A - C.01.06.S. Pengumuman Prakualifikasi.pdf', 'file_id': 'ed7e2666-5a9a-496d-a985-8a7cbf53d097'}]",https://civd.skkmigas.go.id/download/tnd/ann.jwebs?fileId=ed7e2666-5a9a-496d-a985-8a7cbf53d097&fileName=SX14048547A - C.01.06.S. Pengumuman Prakualifikasi.pdf,SX14048547A - C.01.06.S. Pengumuman Prakualifikasi.pdf,ed7e2666-5a9a-496d-a985-8a7cbf53d097,5
LBS67503 : Transmitter dan Bearing,18 Mar 2025,SKK Migas,"Transmitter dan BearingGolongan Usaha:   
								KecilJenis Pengadaan: 
								BarangBidang Usaha: 
							
							
								
									
			                                   
				                                   INDUSTRI KABEL LISTRIK DAN ELEKTRONIK LAINNYA (SIUP-IUT-IUI-PROP KBLI 2020);Jenis Pengumuman: Undangan PrakualifikasiLebih lanjutAttachment
Golongan Usaha: Kecil
Jenis Pengadaan: Barang
Bidang Usaha: INDUSTRI KABEL LISTRIK DAN ELEKTRONIK LAINNYA (SIUP-IUT-IUI-PROP KBLI 2020);
Jenis Pengumuman: Undangan Prakualifikasi","[{'url': 'https://civd.skkmigas.go.id/download/tnd/ann.jwebs?fileId=abf01394-39c1-4dc2-9468-e19f8d63526b&fileName=LBS67503.pdf', 'name': 'LBS67503.pdf', 'file_id': 'abf01394-39c1-4dc2-9468-e19f8d63526b'}]",https://civd.skkmigas.go.id/download/tnd/ann.jwebs?fileId=abf01394-39c1-4dc2-9468-e19f8d63526b&fileName=LBS67503.pdf,LBS67503.pdf,abf01394-39c1-4dc2-9468-e19f8d63526b,5
Call Off Order Pipe for OSF Zona 10,19 Mar 2025,SKK Migas,"PHKT mengundang (1) pabrikan Perusahaan Dalam Negeri (PDN) atau Perusahaan Nasional (PN), (2) Agen/Distributor/penyedia barang yang ditunjuk item 1, (3) Konsorsium item 1 dengan item 1 lainnya atau item 2 untuk ikut prakualifikasi Call Off Order Pipe.Golongan Usaha: 
								Besar
							 
								Menengah
							 
								KecilJenis Pengadaan: 
								BarangBidang Usaha: 
							
							
								
									
			                                   
				                                   INDUSTRI PIPA DAN SAMBUNGAN PIPA DARI BAJA DAN BESI (SIUP-IUT-IUI-PROP KBLI 2020);Jenis Pengumuman: Undangan PrakualifikasiLebih lanjutAttachment 1Attachment 2
Golongan Usaha: Besar
Jenis Pengadaan: Barang
Bidang Usaha: INDUSTRI PIPA DAN SAMBUNGAN PIPA DARI BAJA DAN BESI (SIUP-IUT-IUI-PROP KBLI 2020);
Jenis Pengumuman: Undangan Prakualifikasi","[{'url': 'https://civd.skkmigas.go.id/download/tnd/ann.jwebs?fileId=601beb6b-bf58-4814-b404-1cf3de9a84ae&fileName=PQ16056661A COO Pipe C.01.06.S. Pengumuman PQ.pdf', 'name': 'PQ16056661A COO Pipe C.01.06.S. Pengumuman PQ.pdf', 'file_id': '601beb6b-bf58-4814-b404-1cf3de9a84ae'}, {'url': 'https://civd.skkmigas.go.id/download/tnd/ann.jwebs?fileId=8f785a0d-1bc5-4161-aee7-cca3a253d953&fileName=PQ16056661A COO Pipe Surat Pernyataan.pdf', 'name': 'PQ16056661A COO Pipe Surat Pernyataan.pdf', 'file_id': '8f785a0d-1bc5-4161-aee7-cca3a253d953'}]",https://civd.skkmigas.go.id/download/tnd/ann.jwebs?fileId=601beb6b-bf58-4814-b404-1cf3de9a84ae&fileName=PQ16056661A COO Pipe C.01.06.S. Pengumuman PQ.pdf,PQ16056661A COO Pipe C.01.06.S. Pengumuman PQ.pdf,601beb6b-bf58-4814-b404-1cf3de9a84ae,6
BG69595 : MEASUREMENT TOOLS,17 Mar 2025,SKK Migas,"MEASUREMENT TOOLSGolongan Usaha:   
								KecilJenis Pengadaan: 
								BarangBidang Usaha: 
							
							
								
									
			                                   
				                                   PERDAGANGAN BESAR MESIN, PERALATAN DAN PERLENGKAPAN LAINNYA (SIUP-IUT-IUI-PROP KBLI 2020);Jenis Pengumuman: Undangan PrakualifikasiLebih lanjutAttachment
Golongan Usaha: Kecil
Jenis Pengadaan: Barang
Bidang Usaha: PERDAGANGAN BESAR MESIN, PERALATAN DAN PERLENGKAPAN LAINNYA (SIUP-IUT-IUI-PROP KBLI 2020);
Jenis Pengumuman: Undangan Prakualifikasi","[{'url': 'https://civd.skkmigas.go.id/download/tnd/ann.jwebs?fileId=e9eb5f10-7b45-409d-8bf5-229f98a7d0b8&fileName=BG69595.pdf', 'name': 'BG69595.pdf', 'file_id': 'e9eb5f10-7b45-409d-8bf5-229f98a7d0b8'}]",https://civd.skkmigas.go.id/download/tnd/ann.jwebs?fileId=e9eb5f10-7b45-409d-8bf5-229f98a7d0b8&fileName=BG69595.pdf,BG69595.pdf,e9eb5f10-7b45-409d-8bf5-229f98a7d0b8,6
PRODUCTION CHEMICAL H2S SCAVENGER,17 Mar 2025,SKK Migas,"Kami mengundang para rekanan untuk pengadaan terkait barang PRODUCTION CHEMICAL H2S SCAVENGERGolongan Usaha:   
								KecilJenis Pengadaan: 
								BarangBidang Usaha: 
							
							
								
									
			                                   
				                                   INDUSTRI BARANG KIMIA LAINNYA YTDL (SIUP-IUT-IUI-PROP KBLI 2020);Jenis Pengumuman: Undangan PrakualifikasiLebih lanjutAttachment
Golongan Usaha: Kecil
Jenis Pengadaan: Barang
Bidang Usaha: INDUSTRI BARANG KIMIA LAINNYA YTDL (SIUP-IUT-IUI-PROP KBLI 2020);
Jenis Pengumuman: Undangan Prakualifikasi","[{'url': 'https://civd.skkmigas.go.id/download/tnd/ann.jwebs?fileId=52aeef6b-8b0c-41fd-8de2-84cf08d339cb&fileName=D263-OM942_PRODUCTION CHEMICAL H2S SCAVENGER_Announcement of Prequalification in CIVD.pdf', 'name': 'D263-OM942_PRODUCTION CHEMICAL H2S SCAVENGER_Announcement of Prequalification in CIVD.pdf', 'file_id': '52aeef6b-8b0c-41fd-8de2-84cf08d339cb'}]",https://civd.skkmigas.go.id/download/tnd/ann.jwebs?fileId=52aeef6b-8b0c-41fd-8de2-84cf08d339cb&fileName=D263-OM942_PRODUCTION CHEMICAL H2S SCAVENGER_Announcement of Prequalification in CIVD.pdf,D263-OM942_PRODUCTION CHEMICAL H2S SCAVENGER_Announcement of Prequalification in CIVD.pdf,52aeef6b-8b0c-41fd-8de2-84cf08d339cb,6
"Jasa Sewa Alat Berat Untuk Perawatan Jalan Utama dan Kesumuran Area Jirak, Sopa, Musi 5 Tahun PT PEP",17 Mar 2025,SKK Migas,"Jasa sewa alat berat untuk perawatan jalan utama dan kesumuran area Jirak, Sopa, dan Musi di PT Pertamina EP Zona 4 Pendopo Field yang merupakan sewa alat berat untuk perbaikan jalan rutin di wilayah kerja Pendopo Field selama 1.825 hari kalender.Golongan Usaha: 
								BesarJenis Pengadaan:  
								JasaBidang Usaha: 
							
							
								
									
			                                   
				                                   PENYEWAAN ALAT KONSTRUKSI DENGAN OPERATOR (SIUP-IUT-IUI-PROP KBLI 2020);
				                              
			                              
								
									
			                                   
				                                   PENYIAPAN LAHAN (SIUP-IUT-IUI-PROP KBLI 2020);
				                              
			                              
								
									
			                                   
				                                   AKTIVITAS PENYEWAAN DAN SEWA GUNA USAHA TANPA HAK OPSI MESIN DAN PERALATAN KONSTRUKSI DAN TEKNIK SIPIL (SIUP-IUT-IUI-PROP KBLI 2020);Jenis Pengumuman: Undangan PrakualifikasiLebih lanjutAttachment 1Attachment 2
Golongan Usaha: Besar
Jenis Pengadaan: Jasa
Bidang Usaha: PENYEWAAN ALAT KONSTRUKSI DENGAN OPERATOR (SIUP-IUT-IUI-PROP KBLI 2020);
Jenis Pengumuman: Undangan Prakualifikasi","[{'url': 'https://civd.skkmigas.go.id/download/tnd/ann.jwebs?fileId=c08d67d9-3e31-499d-abea-7e714d1f9a0b&fileName=Surat Pernyataan.pdf', 'name': 'Surat Pernyataan.pdf', 'file_id': 'c08d67d9-3e31-499d-abea-7e714d1f9a0b'}, {'url': 'https://civd.skkmigas.go.id/download/tnd/ann.jwebs?fileId=514c227a-84a1-4735-8295-c6332a8fda06&fileName=C.01.04. Pengumuman Prakualifikasi_Alat Berat Pendopo.pdf', 'name': 'C.01.04. Pengumuman Prakualifikasi_Alat Berat Pendopo.pdf', 'file_id': '514c227a-84a1-4735-8295-c6332a8fda06'}]",https://civd.skkmigas.go.id/download/tnd/ann.jwebs?fileId=c08d67d9-3e31-499d-abea-7e714d1f9a0b&fileName=Surat Pernyataan.pdf,Surat Pernyataan.pdf,c08d67d9-3e31-499d-abea-7e714d1f9a0b,6
Lease AHT For Well Service for CM-1 Workover,17 Mar 2025,SKK Migas,"Menyediakan Kapal AHT: a) Deck space minimal 275 m2, b) Dapat melakukan anchor job untuk AWB, c) Kapasitas fresh water minimal 80 ton, d) Fasilitas internet, e) Accomodation room min 20 orang, f) Durasi 60 hari. Kapal Bendera IndonesiaGolongan Usaha: 
								BesarJenis Pengadaan:  
								JasaBidang Usaha: 
							
							
								
									
			                                   
				                                   ANGKUTAN LAUT (SIUP-IUT-IUI-PROP KBLI 2020);
				                              
			                              
								
									
			                                   
				                                   ANGKUTAN LAUT DALAM NEGERI UNTUK BARANG KHUSUS (SIUP-IUT-IUI-PROP KBLI 2020);Jenis Pengumuman: Undangan PrakualifikasiLebih lanjutAttachment
Golongan Usaha: Besar
Jenis Pengadaan: Jasa
Bidang Usaha: ANGKUTAN LAUT (SIUP-IUT-IUI-PROP KBLI 2020);
Jenis Pengumuman: Undangan Prakualifikasi","[{'url': 'https://civd.skkmigas.go.id/download/tnd/ann.jwebs?fileId=c950b219-7213-4c50-8aa8-5caa292bb05a&fileName=Pengumuman Prakualifikasi - 482-OPS-PEB-XII-2024 (signed).pdf', 'name': 'Pengumuman Prakualifikasi - 482-OPS-PEB-XII-2024 (signed).pdf', 'file_id': 'c950b219-7213-4c50-8aa8-5caa292bb05a'}]",https://civd.skkmigas.go.id/download/tnd/ann.jwebs?fileId=c950b219-7213-4c50-8aa8-5caa292bb05a&fileName=Pengumuman Prakualifikasi - 482-OPS-PEB-XII-2024 (signed).pdf,Pengumuman Prakualifikasi - 482-OPS-PEB-XII-2024 (signed).pdf,c950b219-7213-4c50-8aa8-5caa292bb05a,6
PENYEDIA JASA TENAGA KERJA UNTUK MEMBANTU PEKERJAAN PRODUKSI,17 Mar 2025,SKK Migas,"PENYEDIA JASA TENAGA KERJA UNTUK MEMBANTU PEKERJAAN PRODUKSI DI LAPANGAN GKM , SUNGAI TAHAM, BATU KERAS & SUBAN JERIJI MUARA ENIMGolongan Usaha:  
								Menengah
							 
								KecilJenis Pengadaan:  
								JasaBidang Usaha: 
							
							
								
									
			                                   
				                                   AKTIVITAS PENYEDIAAN TENAGA KERJA WAKTU TERTENTU (SIUP-IUT-IUI-PROP KBLI 2020);Jenis Pengumuman: Undangan PrakualifikasiLebih lanjutAttachment 1Attachment 2
Golongan Usaha: Menengah
Jenis Pengadaan: Jasa
Bidang Usaha: AKTIVITAS PENYEDIAAN TENAGA KERJA WAKTU TERTENTU (SIUP-IUT-IUI-PROP KBLI 2020);
Jenis Pengumuman: Undangan Prakualifikasi","[{'url': 'https://civd.skkmigas.go.id/download/tnd/ann.jwebs?fileId=af063faf-834e-42e4-a493-333d530abdf5&fileName=Pengumuman Lelang Crew Prod.pdf', 'name': 'Pengumuman Lelang Crew Prod.pdf', 'file_id': 'af063faf-834e-42e4-a493-333d530abdf5'}, {'url': 'https://civd.skkmigas.go.id/download/tnd/ann.jwebs?fileId=b3808468-9a4c-46d5-b1a0-a16b83affa0d&fileName=Dokumen PQ Crew Prod.pdf', 'name': 'Dokumen PQ Crew Prod.pdf', 'file_id': 'b3808468-9a4c-46d5-b1a0-a16b83affa0d'}]",https://civd.skkmigas.go.id/download/tnd/ann.jwebs?fileId=af063faf-834e-42e4-a493-333d530abdf5&fileName=Pengumuman Lelang Crew Prod.pdf,Pengumuman Lelang Crew Prod.pdf,af063faf-834e-42e4-a493-333d530abdf5,6
BS62742 : REGISTER METER SMITH SSE,18 Mar 2025,SKK Migas,"REGISTER METER SMITH SSEGolongan Usaha:   
								KecilJenis Pengadaan: 
								BarangBidang Usaha: 
							
							
								
									
			                                   
				                                   PERDAGANGAN BESAR MESIN, PERALATAN DAN PERLENGKAPAN LAINNYA (SIUP-IUT-IUI-PROP KBLI 2020);Jenis Pengumuman: Undangan PrakualifikasiLebih lanjutAttachment
Golongan Usaha: Kecil
Jenis Pengadaan: Barang
Bidang Usaha: PERDAGANGAN BESAR MESIN, PERALATAN DAN PERLENGKAPAN LAINNYA (SIUP-IUT-IUI-PROP KBLI 2020);
Jenis Pengumuman: Undangan Prakualifikasi","[{'url': 'https://civd.skkmigas.go.id/download/tnd/ann.jwebs?fileId=a245de1d-93f2-4d34-9200-4db20eb1da88&fileName=BS62742.pdf', 'name': 'BS62742.pdf', 'file_id': 'a245de1d-93f2-4d34-9200-4db20eb1da88'}]",https://civd.skkmigas.go.id/download/tnd/ann.jwebs?fileId=a245de1d-93f2-4d34-9200-4db20eb1da88&fileName=BS62742.pdf,BS62742.pdf,a245de1d-93f2-4d34-9200-4db20eb1da88,7
"Penggantian Trunkline di Field Rantau, Pangkalan Susu, Lirik dan Jambi Zona 1 PT Pertamina EP",17 Mar 2025,SKK Migas,"Penggantian Trunkline (6 in3.3 km SPVIII-PPP, 3 in 1.6 km WMP-06STL, 4 in 4.5 km SPU Ukui-SP 7, 3 in 3.3km GS3 Tempino, 4 in 3.3km Ketaling-MGS KAS, 6 in 2.9km ketaling) di Field Rantau, Pangkalan Susu, Lirik dan Jambi Zona 1 PT Pertamina EPGolongan Usaha:  
								MenengahJenis Pengadaan:  
								JasaBidang Usaha: 
							
							
								
									
			                                   
				                                   Jasa Pelaksana Konstruksi Instalasi Perpipaan, Gas, Energi (Pekerjaan Rekayasa) (SIUJK Permen 8 2011);Jenis Pengumuman: Undangan PrakualifikasiLebih lanjutAttachment
Golongan Usaha: Menengah
Jenis Pengadaan: Jasa
Bidang Usaha: Jasa Pelaksana Konstruksi Instalasi Perpipaan, Gas, Energi (Pekerjaan Rekayasa) (SIUJK Permen 8 2011);
Jenis Pengumuman: Undangan Prakualifikasi","[{'url': 'https://civd.skkmigas.go.id/download/tnd/ann.jwebs?fileId=7a7fd3df-f748-4311-befc-4baedcf399c5&fileName=Pengumuman Prakualifikasi-SA07048553A.pdf', 'name': 'Pengumuman Prakualifikasi-SA07048553A.pdf', 'file_id': '7a7fd3df-f748-4311-befc-4baedcf399c5'}]",https://civd.skkmigas.go.id/download/tnd/ann.jwebs?fileId=7a7fd3df-f748-4311-befc-4baedcf399c5&fileName=Pengumuman Prakualifikasi-SA07048553A.pdf,Pengumuman Prakualifikasi-SA07048553A.pdf,7a7fd3df-f748-4311-befc-4baedcf399c5,7
JASA SEWA ALAT ANGKAT DAN ANGKUT DI LINGKUNGAN WILAYAH KERJA PT. PERTAMINA EP ZONA 14 FIELD PAPUA,17 Mar 2025,SKK Migas,"JASA SEWA ALAT ANGKAT DAN ANGKUT DI LINGKUNGAN WILAYAH KERJA PT. PERTAMINA EP ZONA 14 FIELD PAPUAGolongan Usaha: 
								BesarJenis Pengadaan:  
								JasaBidang Usaha: 
							
							
								
									
			                                   
				                                   JASA PENGURUSAN TRANSPORTASI (JPT) (SIUP-IUT-IUI-PROP KBLI 2017);Jenis Pengumuman: Undangan PrakualifikasiLebih lanjutAttachment
Golongan Usaha: Besar
Jenis Pengadaan: Jasa
Bidang Usaha: JASA PENGURUSAN TRANSPORTASI (JPT) (SIUP-IUT-IUI-PROP KBLI 2017);
Jenis Pengumuman: Undangan Prakualifikasi","[{'url': 'https://civd.skkmigas.go.id/download/tnd/ann.jwebs?fileId=97544f23-ac98-4915-8092-3a9c7190e8fe&fileName=C.01.06.S Pengumuman Prakualifikasi-SX20048747A_signed.pdf', 'name': 'C.01.06.S Pengumuman Prakualifikasi-SX20048747A_signed.pdf', 'file_id': '97544f23-ac98-4915-8092-3a9c7190e8fe'}]",https://civd.skkmigas.go.id/download/tnd/ann.jwebs?fileId=97544f23-ac98-4915-8092-3a9c7190e8fe&fileName=C.01.06.S Pengumuman Prakualifikasi-SX20048747A_signed.pdf,C.01.06.S Pengumuman Prakualifikasi-SX20048747A_signed.pdf,97544f23-ac98-4915-8092-3a9c7190e8fe,7
Provision of Operation Maintenance Management Services on Kakap Platform 2025,18 Mar 2025,SKK Migas,"Kontraktor menyediakan layanan teknis yang diperlukan seperti, namun tidak terbatas pada dukungan manajemen, konsultan teknis, tenaga kerja, layanan perbaikan, dan lain-lainnya.Golongan Usaha: 
								Besar
							 
								Menengah
							 
								KecilJenis Pengadaan:  
								JasaBidang Usaha: 
							
							
								
									
			                                   
				                                   REPARASI MESIN UNTUK KEPERLUAN KHUSUS (SIUP-IUT-IUI-PROP KBLI 2020);
				                              
			                              
								
									
			                                   
				                                   REPARASI MESIN  (SIUP-IUT-IUI-PROP KBLI 2017);
				                              
			                              
								
									
			                                   
				                                   REPARASI MESIN (SIUP-IUT-IUI-PROP KBLI 2020);
				                              
			                              
								
									
			                                   
				                                   PERDAGANGAN BESAR MESIN, PERALATAN DAN PERLENGKAPAN LAINNYA (SIUP-IUT-IUI-PROP KBLI 2017);
				                              
			                              
								
									
			                                   
				                                   PERDAGANGAN BESAR MESIN, PERALATAN DAN PERLENGKAPAN LAINNYA (SIUP-IUT-IUI-PROP KBLI 2020);
				                              
			                              
								
									
			                                   
				                                   REPARASI MESIN UNTUK KEPERLUAN KHUSUS (SIUP-IUT-IUI-PROP KBLI 2017);Jenis Pengumuman: Undangan PrakualifikasiLebih lanjutAttachment
Golongan Usaha: Besar
Jenis Pengadaan: Jasa
Bidang Usaha: REPARASI MESIN UNTUK KEPERLUAN KHUSUS (SIUP-IUT-IUI-PROP KBLI 2020);
Jenis Pengumuman: Undangan Prakualifikasi","[{'url': 'https://civd.skkmigas.go.id/download/tnd/ann.jwebs?fileId=959b6e25-7901-4ca1-aab5-537831603a46&fileName=CIVD PQ Announcement - 1200004105.pdf', 'name': 'CIVD PQ Announcement - 1200004105.pdf', 'file_id': '959b6e25-7901-4ca1-aab5-537831603a46'}]",https://civd.skkmigas.go.id/download/tnd/ann.jwebs?fileId=959b6e25-7901-4ca1-aab5-537831603a46&fileName=CIVD PQ Announcement - 1200004105.pdf,CIVD PQ Announcement - 1200004105.pdf,959b6e25-7901-4ca1-aab5-537831603a46,7
Jasa Pengelolaan Limbah Cair Kegiatan Pemboran dan Pengelolaan Limbah Domestik Sumur Pemboran Pertam,17 Mar 2025,SKK Migas,"Kegiatan Pengelolaan Limbah Cair Kegiatan Pemboran (WWTP) dan Pengelolaan Limbah Domestik (STP) Sumur Pemboran sebagai pemasok air baku pengeboran dengan tetap memenuhi kepatuhan terhadap peraturan. Apabila pekerjaan tersebut tidak dapat dipenuhi, maka paGolongan Usaha:  
								MenengahJenis Pengadaan:  
								JasaBidang Usaha: 
							
							
								
									
			                                   
				                                   TREATMENT DAN PEMBUANGAN AIR LIMBAH TIDAK BERBAHAYA (SIUP-IUT-IUI-PROP KBLI 2020);
				                              
			                              
								
									
			                                   
				                                   TREATMENT AIR LIMBAH (SIUP-IUT-IUI-PROP KBLI 2020);Jenis Pengumuman: Undangan PrakualifikasiLebih lanjutAttachment 1Attachment 2
Golongan Usaha: Menengah
Jenis Pengadaan: Jasa
Bidang Usaha: TREATMENT DAN PEMBUANGAN AIR LIMBAH TIDAK BERBAHAYA (SIUP-IUT-IUI-PROP KBLI 2020);
Jenis Pengumuman: Undangan Prakualifikasi","[{'url': 'https://civd.skkmigas.go.id/download/tnd/ann.jwebs?fileId=ab1981ff-53b9-487e-87da-2df56a7e3618&fileName=01. SX17048513A - C.01.06.S. Pengumuman PQ_Signed.pdf', 'name': '01. SX17048513A - C.01.06.S. Pengumuman PQ_Signed.pdf', 'file_id': 'ab1981ff-53b9-487e-87da-2df56a7e3618'}, {'url': 'https://civd.skkmigas.go.id/download/tnd/ann.jwebs?fileId=39c349a5-bed1-468b-ae1a-6ef50e2d7ab2&fileName=02. SX17048513A - Surat Pernyataan.pdf', 'name': '02. SX17048513A - Surat Pernyataan.pdf', 'file_id': '39c349a5-bed1-468b-ae1a-6ef50e2d7ab2'}]",https://civd.skkmigas.go.id/download/tnd/ann.jwebs?fileId=ab1981ff-53b9-487e-87da-2df56a7e3618&fileName=01. SX17048513A - C.01.06.S. Pengumuman PQ_Signed.pdf,01. SX17048513A - C.01.06.S. Pengumuman PQ_Signed.pdf,ab1981ff-53b9-487e-87da-2df56a7e3618,7
